team,season,salary,playerId,player_name,rating,AA
GWS GIANTS,2025,654396.7256103727,1019038,Aaron Cadman,8.943172056372068,0.3316389806945672
Sydney Swans,2025,457841.18750919984,990816,Aaron Francis,6.256988084054647,0.04427460142727746
Western Bulldogs,2025,815354.782921213,1002404,Aaron Naughton,11.142870716305925,0.4377626098916215
Carlton,2025,803011.3637397048,1002239,Adam Cerra,10.974182033762183,0.27323884595042014
Carlton,2025,576067.8210956135,295461,Adam Saad,7.872706935371887,0.05040396447125517
North Melbourne,2025,585523.2385806737,294508,Aidan Corr,8.00192736408789,0.04437316524814405
Melbourne,2025,391812.6033129419,1024173,Aidan Johnson,5.354622644259688,0.01858705677959971
Carlton,2025,268246.4826307909,1016268,Alex Cincotta,3.6659328413451324,0.003354094801869545
Gold Coast SUNS,2025,622007.3300032947,1013268,Alex Davies,8.500529349922363,0.14021410470937823
Adelaide Crows,2025,590088.4148441041,296420,Alex Neal-Bullen,8.06431636328932,0.04330547812158325
Fremantle,2025,906809.7240219067,298409,Alex Pearce,12.392719992226437,0.06684953932230231
Gold Coast SUNS,2025,182474.03280606322,294643,Alex Sexton,2.493742109853304,0
Port Adelaide,2025,796379.3432007679,294469,Aliir Aliir,10.883546951953386,0.056549914651530586
Fremantle,2025,957872.8354038892,1002232,Andrew Brayshaw,13.09056301764319,0.44481439351987306
Essendon,2025,712601.7884307017,998102,Andrew McGrath,9.738619024522205,0.221136633280704
Essendon,2025,NA,1027284,Angus Clarke,NA,0
St Kilda,2025,392371.4789048892,1027872,Angus Hastie,5.362260397294333,0.019628503912250683
Sydney Swans,2025,584364.9620670507,1020339,Angus Sheldrick,7.98609802731894,0.0842286915006013
St Kilda,2025,648897.6599118477,1023784,Anthony Caminiti,8.868020258133265,0.23832855919210116
Essendon,2025,NA,1029265,Archer Day-Wicks,NA,0
West Coast Eagles,2025,370027.95875166496,1027693,Archer Reid,5.056907486353462,0.15590949285235334
Essendon,2025,623647.5078917949,1015873,Archie Perkins,8.522944488149458,0.09585912486415327
Essendon,2025,693294.3953498444,1023515,Archie Roberts,9.474758690989725,0.2971326478836459
Carlton,2025,356970.51956845506,1020097,Ashton Moir,4.878460803078663,0.08274259037043086
Fremantle,2025,467028.9413369864,998180,Bailey Banfield,6.382550544986654,0.06727745681392527
Western Bulldogs,2025,980179.0622731028,996708,Bailey Dale,13.39540626794182,0.286579443438021
Gold Coast SUNS,2025,745380.6967124676,1023500,Bailey Humphrey,10.186584922136445,0.6399351333763152
Hawthorn,2025,417802.626345793,1029261,Bailey Macdonald,5.7098097022558365,0.06437739405099263
North Melbourne,2025,285676.95445168397,1006058,Bailey Scott,3.904142634300002,0.011924091000713677
Geelong Cats,2025,825706.0611882838,1006130,Bailey Smith,11.284334233653835,0.5267918617024832
Western Bulldogs,2025,750869.3076807928,992351,Bailey Williams,10.26159384305432,0.07517302882744303
Western Bulldogs,2025,750869.3076807928,992351,Bailey Williams,10.26159384305432,0.07517302882744303
Melbourne,2025,772787.509633354,1001438,Bayley Fritsch,10.56113423431351,0.06928393481670547
Collingwood,2025,610920.7260022612,1004757,Beau McCreery,8.3490166616374,0.00855222615770379
Gold Coast SUNS,2025,492469.3383777591,998130,Ben Ainsworth,6.730226257614705,0.014316575431911227
Essendon,2025,397361.6758866181,1017088,Ben Hobbs,5.430457850698709,0.05994120253978852
Adelaide Crows,2025,635512.7641533455,993946,Ben Keays,8.68509846002488,0.079279418401072
Gold Coast SUNS,2025,742636.6282218116,1006144,Ben King,10.149083700498279,0.4080973125228875
Gold Coast SUNS,2025,635221.6781304191,993917,Ben Long,8.681120395520038,0.09380423790134107
Essendon,2025,620646.0230247409,1002143,Ben McKay,8.481925340986665,0.08087400383524179
Richmond,2025,721786.5272590129,1002403,Ben Miller,9.864140281612562,0.20088476894406815
Collingwood,2025,707459.9785772968,991773,Billy Frampton,9.668349586426746,0.11651981837954173
Carlton,2025,434498.06606025464,296294,Blake Acres,5.937974337071135,0.005639981183921838
Hawthorn,2025,669414.6340328406,993794,Blake Hardwick,9.148411070708054,0.02947613166587193
Melbourne,2025,434647.7706811598,1017122,Blake Howes,5.9400202430636195,0.018685076990439864
West Coast Eagles,2025,418543.38751356537,1028449,Bo Allan,5.71993315537961,0.013551001656464612
Collingwood,2025,563509.8303738264,1006148,Bobby Hill,7.70108585703823,0.11325508222962755
Gold Coast SUNS,2025,684966.791920901,1017665,Bodhi Uwland,9.360951290421195,0.2258484461517607
Geelong Cats,2025,539461.1001403619,999326,Brad Close,7.372429059413598,0.11415381330861374
West Coast Eagles,2025,505019.79419088154,1023167,Brady Hough,6.901744361740239,0.07898285738628241
Sydney Swans,2025,545711.1818769367,1013133,Braeden Campbell,7.457844456754472,0.013717626843453234
Brisbane Lions,2025,495375.61692620383,1002401,Brandon Starcevich,6.769944288107968,0.06854231678646772
Port Adelaide,2025,630520.1361140772,1004034,Brandon Zerk-Thatcher,8.616867783095685,0.07665559828191859
Gold Coast SUNS,2025,749009.0930123932,993799,Brayden Fiorini,10.236171619515886,0.05901724861311197
Collingwood,2025,722843.3603428609,992010,Brayden Maynard,9.878583263574159,0.10030150866279197
Fremantle,2025,675295.1472006803,997033,Brennan Cox,9.2287758387174,0.12282888203459297
GWS GIANTS,2025,518867.4020953872,1002251,Brent Daniels,7.090989715838951,0.04155154482611334
Sydney Swans,2025,758333.8684579023,293957,Brodie Grundy,10.363606656906148,0.03512216840146887
Carlton,2025,440502.1043351349,1009241,Brodie Kemp,6.020027234379285,0.041567714489234686
Adelaide Crows,2025,529296.2984336731,291748,Brodie Smith,7.2335139838575095,0.010259914311720464
Collingwood,2025,604111.9157231753,291849,Brody Mihocek,8.255965520881363,0.0519002144843731
Brisbane Lions,2025,434682.16553069523,1009317,Bruce Reville,5.940490292874705,0.012992783663747454
Western Bulldogs,2025,544959.7215258398,998782,Buku Khamis,7.447574785543734,0.025087451962835572
Sydney Swans,2025,405166.08692170115,1024057,Caiden Cleary,5.537115154981972,0.12867492726911767
North Melbourne,2025,629443.5246006671,295136,Caleb Daniel,8.602154503481827,0.23561735936850692
Western Bulldogs,2025,336409.32785627915,1011589,Caleb Poulter,4.597465700307437,0.006367541511705932
Fremantle,2025,799583.1291781015,1009420,Caleb Serong,10.927330803714506,0.5969219897485527
Melbourne,2025,468509.03233756835,1027821,Caleb Windsor,6.402777890202886,0.080714465088089
GWS GIANTS,2025,522614.98777481297,280109,Callan Ward,7.1422052892296035,0
Brisbane Lions,2025,NA,298437,Callum Ah Chee,NA,NA
GWS GIANTS,2025,605574.0664727337,1014038,Callum Brown,8.275947689516848,0.031158499800094108
Sydney Swans,2025,786628.4764050794,993905,Callum Mills,10.750288828799928,0.19085239224092254
St Kilda,2025,930728.416163901,296422,Callum Wilkie,12.719599652251828,0.1348267601815044
Hawthorn,2025,485417.6364796543,1032100,Calsher Dear,6.633855690805749,0.21574043793625752
Hawthorn,2025,584117.180911745,1023482,Cam Mackenzie,7.9827117794703435,0.06058552111713533
Brisbane Lions,2025,631835.0807025776,1002235,Cam Rayner,8.63483819040264,0.11220681986587144
North Melbourne,2025,618512.39024459,998484,Cameron Zurhaar,8.452766507650194,0.13382236169217687
Sydney Swans,2025,NA,1012014,Chad Warner,NA,NA
Hawthorn,2025,552365.469048469,998390,Changkuoth Jiath,7.548783840706944,0.015609484721906264
Brisbane Lions,2025,467787.1512308087,990609,Charlie Cameron,6.392912457370876,0.04307647590863628
North Melbourne,2025,713885.0791517814,1015781,Charlie Comben,9.756156841060415,0.2698486155256892
Carlton,2025,705312.5650766654,996731,Charlie Curnow,9.639002421838764,0.2463472833289766
Melbourne,2025,403866.13733825553,1002282,Charlie Spargo,5.519349673685409,0
Adelaide Crows,2025,251411.02595524202,1006203,Chayce Jones,3.4358546948559394,0.001445832287377935
Port Adelaide,2025,NA,1028563,Christian Moraes,NA,0
Melbourne,2025,739085.8377274338,298210,Christian Petracca,10.100557586163383,0.11038203480512132
Melbourne,2025,776826.216598368,296359,Christian Salem,10.616328354118586,0.15768225260568847
West Coast Eagles,2025,544797.346449362,1024188,Clay Hall,7.445355721496229,0.251272486570118
Melbourne,2025,694126.2972243726,996701,Clayton Oliver,9.486127698973354,0.2267290337562382
North Melbourne,2025,718621.9872085092,1024272,Colby McKercher,9.820892775866659,0.23417846733776715
Gold Coast SUNS,2025,491501.09742110316,1008454,Connor Budarick,6.7169940008986835,0.011621684296115764
GWS GIANTS,2025,696796.1548959694,1008083,Connor Idun,9.522614734419388,0.12967250814525288
Hawthorn,2025,623908.8933118543,1017094,Connor Macdonald,8.526516655755337,0.05433853697704294
Geelong Cats,2025,781534.7307402826,1027877,Connor O'Sullivan,10.680676249597017,0.3117352480342357
Port Adelaide,2025,702219.4968610352,1001299,Connor Rozee,9.596731670546916,0.36829314934559687
Brisbane Lions,2025,376304.8844935706,997846,Conor McKenna,5.142689741517674,0.001993560704238506
Hawthorn,2025,538580.6866439193,1007124,Conor Nash,7.3603970777864065,0.10600910187278523
GWS GIANTS,2025,463153.8402171918,1015862,Conor Stone,6.32959230926529,0.11355020182743936
North Melbourne,2025,638234.5391721126,1020979,Cooper Harvey,8.722295012725944,0.0920201470704195
Western Bulldogs,2025,276110.74537270475,1029456,Cooper Hynes,3.7734080961026377,0.0660841015608643
Carlton,2025,600082.4945662708,1032108,Cooper Lord,8.200898303574965,0.14362612660194773
St Kilda,2025,809642.893898688,1018018,Cooper Sharman,11.064810413898853,0.23348217689461537
Carlton,2025,372675.24089772196,1008510,Corey Durdin,5.093085998236857,0.05885852853915485
Fremantle,2025,529516.5902075856,993940,Corey Wagner,7.236524553989665,2.9685334506868166e-4
Sydney Swans,2025,NA,1018424,Corey Warner,NA,NA
St Kilda,2025,296589.16938815144,992374,Dan Butler,4.053272071954075,0.0021790945029533937
Collingwood,2025,672797.305825464,994295,Dan Houston,9.194639626976349,0.1406098022789618
Sydney Swans,2025,526420.3010543669,290307,Dane Rampe,7.19420978444725,0.013904242486039387
Collingwood,2025,481601.22632182704,297504,Daniel McStay,6.581699542488685,0.0328672077830332
Gold Coast SUNS,2025,675566.9025996771,1000981,Daniel Rioli,9.232489725409312,0.09379967925119892
Melbourne,2025,736685.068443655,1020959,Daniel Turner,10.067747989274796,0.4072020035842451
Port Adelaide,2025,420485.63401196816,1017128,Dante Visentini,5.7464764492735405,0.16480022543270334
Port Adelaide,2025,630350.2896675328,991930,Darcy Byrne-Jones,8.614546613176639,0.022859209744030773
Collingwood,2025,835349.4053626914,990291,Darcy Cameron,11.416122922037172,0.13970419264034362
Adelaide Crows,2025,681225.7368924594,999331,Darcy Fogarty,9.309824966767142,0.08683724367052681
Brisbane Lions,2025,421005.32548798755,298211,Darcy Fort,5.753578701018362,0.011147111196855186
Brisbane Lions,2025,509816.73500793264,296269,Darcy Gardiner,6.967300721349326,0.03399699556256708
GWS GIANTS,2025,709534.6886648629,1020650,Darcy Jones,9.696703165462289,0.2293247769360216
Collingwood,2025,789117.3856289017,298288,Darcy Moore,10.78430297121571,0.06238750902892887
North Melbourne,2025,389079.56748424517,993816,Darcy Tucker,5.317272198122498,0.004530240732713575
Brisbane Lions,2025,783006.0961767614,1017067,Darcy Wilmot,10.700784348768748,0.34905719630512744
St Kilda,2025,489541.82833644806,1027875,Darcy Wilson,6.690218071492163,0.21463809267849399
Gold Coast SUNS,2025,228344.02171936966,290832,David Swallow,3.1206144443579626,0
Brisbane Lions,2025,NA,261224,Dayne Zorko,NA,0
Richmond,2025,645294.5496636219,290627,Dion Prestia,8.81877912713906,0.015945781058404718
Hawthorn,2025,692212.741071797,1006314,Dylan Moore,9.45997649551791,0.13055352307865997
Essendon,2025,524931.2260994579,291783,Dylan Shiel,7.1738596619521156,0.024775828157247326
North Melbourne,2025,424661.04213515425,1004848,Dylan Stephens,5.80353876604537,0.013693190642790731
Melbourne,2025,532261.2138258282,298264,Ed Langdon,7.274033362159557,0.013782568055830557
Western Bulldogs,2025,1000505.8510621727,1008280,Ed Richards,13.673197953596468,0.5823852630768254
West Coast Eagles,2025,642144.026888219,1020670,Elijah Hewett,8.77572318546749,0.21684666668226205
Carlton,2025,368006.63492319547,1012862,Elijah Hollands,5.0292834991417505,0.005105236161630167
Essendon,2025,561088.745166991,1023785,Elijah Tsatas,7.667998616958184,0.16959581665136902
Brisbane Lions,2025,518845.941914317,993953,Eric Hipwood,7.090696434891537,0.08775296785897346
Sydney Swans,2025,1069766.4599100668,1013128,Errol Gulden,14.619733162919317,0.29644826056292395
Port Adelaide,2025,774170.9856825827,1002220,Esava Ratugolea,10.580041212083888,0.09201131233915527
Gold Coast SUNS,2025,456630.1061487649,1027033,Ethan Read,6.240437101207763,0.22341309794149666
GWS GIANTS,2025,858472.6325907211,1023266,Finn Callaghan,11.732131531961027,0.6015573602336705
Hawthorn,2025,337756.060176048,1009421,Finn Maginness,4.615870527804603,0.017278574132280622
North Melbourne,2025,NA,1028495,Finn O'Sullivan,NA,0
North Melbourne,2025,330093.08086157095,1031792,Finnbar Maley,4.511146069701811,0.11350137826489937
Carlton,2025,392382.3148045034,1020877,Flynn Young,5.362408483785055,0.04142027596343756
Carlton,2025,707796.4048106465,1017255,Francis Evans,9.67294728316234,0.07058456601835372
Carlton,2025,826411.5023653966,294036,George Hewett,11.293974993724397,0.15512737683039035
North Melbourne,2025,631882.3162483362,1023477,George Wardlaw,8.635483724825967,0.20771246000996713
North Melbourne,2025,612190.5403154148,997933,Griffin Logue,8.366370305746154,0.09797348830727226
Geelong Cats,2025,960643.803538539,1004938,Gryan Miers,13.12843185747851,0.20351609231828538
West Coast Eagles,2025,NA,1032624,Hamish Davis,NA,0
West Coast Eagles,2025,709513.8452043687,1023492,Harley Reid,9.696418312793936,0.29433124001047783
Brisbane Lions,2025,988559.070201062,996059,Harris Andrews,13.509929843321267,0.1147117449772207
Essendon,2025,504523.45512592787,1011755,Harrison Jones,6.8949612506969515,0.03955303548246025
Melbourne,2025,670011.5397728231,1008893,Harrison Petty,9.156568554578591,0.02756370670928543
Richmond,2025,NA,1028525,Harry Armstrong,NA,0
Sydney Swans,2025,481665.1697071869,291978,Harry Cunningham,6.582573411007216,0.013160747414561635
West Coast Eagles,2025,685165.3163497653,1011437,Harry Edwards,9.363664381815518,0.17498684085157978
GWS GIANTS,2025,727025.518282759,993107,Harry Himmelberg,9.935737825263852,0.1402923206355985
Carlton,2025,770996.2784966198,1000953,Harry McKay,10.5366547593687,0.298228371121406
Hawthorn,2025,626135.7648614547,1000963,Harry Morrison,8.556949716674064,0.0032248843189514043
Carlton,2025,NA,1028526,Harry O'Farrell,NA,0
Collingwood,2025,729129.4385226847,998205,Harry Perryman,9.964490598562023,0.06813379297994093
GWS GIANTS,2025,509963.60637647373,1021122,Harry Rowston,6.969307907307955,0.05984114396845397
Melbourne,2025,271670.16973739717,1007099,Harry Sharp,3.712721924577484,0.02211524039059254
North Melbourne,2025,689066.9897410563,1023518,Harry Sheezel,9.416985761768235,0.6514111236835525
Western Bulldogs,2025,354094.777299766,1017087,Harvey Gallagher,4.839160090082766,0.05579779870839763
Melbourne,2025,811983.3475759178,1028546,Harvey Langford,11.096795720527506,0.17628256942004472
GWS GIANTS,2025,544806.9349079329,1027925,Harvey Thomas,7.445486760102321,0.12346384937058485
Sydney Swans,2025,525623.5316414578,1003203,Hayden McLean,7.183320906691552,0.011342817413807715
Fremantle,2025,657112.267061397,1009256,Hayden Young,8.980283419360733,0.12367400299081943
Fremantle,2025,543550.130399501,1013224,Heath Chapman,7.428310911690723,0.04583595513601879
Carlton,2025,399216.14214309433,1023489,Hudson O'Keeffe,5.455801514802368,0.23706807318819068
Adelaide Crows,2025,423810.1713705517,1023534,Hugh Bond,5.791910523806719,0.015450206620334028
St Kilda,2025,NA,1029148,Hugh Boxshall,NA,0
Port Adelaide,2025,402450.1996961472,1015330,Hugh Jackson,5.4999990665400915,0.02702083074623729
Brisbane Lions,2025,1096459.4150530493,1000978,Hugh McCluggage,14.98452669136195,0.3656870649047902
St Kilda,2025,404567.91113639966,1027790,Hugo Garcia,5.528940314310335,0.23003231506818211
Richmond,2025,648821.4644532112,1011985,Hugo Ralphsmith,8.866978949291347,0.07505942677733879
St Kilda,2025,443889.7231527668,1002264,Hunter Clark,6.066323398100502,0.06410521123520307
Adelaide Crows,2025,631392.2847060538,1001396,Isaac Cumming,8.628786814184195,0.006692396140857815
Sydney Swans,2025,1199884.7830835006,298539,Isaac Heeney,16.39796723146735,0.17443740253511297
Essendon,2025,551053.692231757,1028554,Isaac Kako,7.5308567250715885,0.11856848702692879
St Kilda,2025,496120.61171293654,1015323,Isaac Keeler,6.780125599074395,0.12082625289581106
Collingwood,2025,657776.4487386782,1008089,Isaac Quaynor,8.98936031535387,0.05027019733984506
Fremantle,2025,431187.96172020456,1011558,Isaiah Dudley,5.892737508280464,0.031585100740468164
Adelaide Crows,2025,926389.9446224074,1001195,Izak Rankine,12.660308864356978,0.33498341672047116
Geelong Cats,2025,613783.9588555798,998260,Jack Bowes,8.38814641739955,0.023546554145714715
GWS GIANTS,2025,782433.6662941233,1009708,Jack Buckley,10.692961358936598,0.15042921343401805
Sydney Swans,2025,548135.0505818962,1009392,Jack Buller,7.490969736912758,0.07763050903660451
Collingwood,2025,795148.0003496933,293871,Jack Crisp,10.866719069803958,0.02150431473966663
North Melbourne,2025,555692.3943128543,290838,Jack Darling,7.594250549041002,0.03402616704391903
Hawthorn,2025,737232.1373450661,1012857,Jack Ginnivan,10.075224388713448,0.09846324892667924
West Coast Eagles,2025,668788.961665287,990827,Jack Graham,9.13986045391099,0.07059757043274228
Hawthorn,2025,845491.3929886614,291351,Jack Gunston,11.55472621386759,0.005551367197581314
Melbourne,2025,277298.54318465537,1008183,Jack Henderson,3.7896408793436422,0
Geelong Cats,2025,713933.2848924114,1000937,Jack Henry,9.756815634443218,0.12030956766866774
St Kilda,2025,678243.7674641099,1002227,Jack Higgins,9.269072523148635,0.09573711654537942
West Coast Eagles,2025,418715.2704634701,1036098,Jack Hutchinson,5.722282156733675,0.07619306195714637
Port Adelaide,2025,554914.2040620605,1004095,Jack Lukosius,7.583615579407025,0.14699948621002656
St Kilda,2025,855330.1545322526,295467,Jack Macrae,11.689185531682611,0.11512365884122866
Geelong Cats,2025,545186.1248015529,296190,Jack Martin,7.450668877200352,0.004919196627428346
Brisbane Lions,2025,748040.206194682,1002347,Jack Payne,10.222930536278712,0.13050764299457918
Richmond,2025,591524.3645247888,1006133,Jack Ross,8.08394046065423,0.1212906979661067
Hawthorn,2025,716733.6790660555,998114,Jack Scrimshaw,9.795086618909409,0.06421952203242276
Carlton,2025,763816.6992875265,1001028,Jack Silvagni,10.438536584802065,0.1450030283073862
St Kilda,2025,917570.5647874877,994389,Jack Sinclair,12.53978070734241,0.10193478367313724
St Kilda,2025,574477.0832112663,296205,Jack Steele,7.850967458324477,0.06309048258743544
Melbourne,2025,575783.5125718842,291902,Jack Viney,7.868821494101633,0.04196976520233242
West Coast Eagles,2025,485743.7939632646,1020371,Jack Williams,6.638313051882365,0.15533089981676262
Port Adelaide,2025,446748.83548970555,1005326,Jackson Mead,6.105396841712081,0.06821226238134614
Richmond,2025,264249.2671565902,1021152,Jacob Bauer,3.611305756072315,2.780546417826546e-4
Richmond,2025,702767.8392007293,1013229,Jacob Blight,9.60422547315588,0.3619159102178706
Richmond,2025,632699.1890718321,993903,Jacob Hopper,8.646647341517179,0.15817676612711207
North Melbourne,2025,311515.30497768737,1023530,Jacob Konstanty,4.257256892613823,0.12403515037338364
GWS GIANTS,2025,515856.720840332,1004530,Jacob Wehr,7.0498448882181535,0.010548177952245164
Carlton,2025,881591.7870656805,993832,Jacob Weitering,12.048084482481306,0.13238354398565966
Melbourne,2025,NA,1017720,Jacob van Rooyen,NA,NA
Essendon,2025,430048.1033450736,298421,Jade Gresham,5.877159879038532,0
Fremantle,2025,571856.1271356908,294613,Jaeger O'Meara,7.815148726019233,0.002908467839198847
Hawthorn,2025,912774.3739882362,1020895,Jai Newcombe,12.474234597690215,0.4021103300697153
Melbourne,2025,776353.6293210017,1012825,Jake Bowey,10.609869841770138,0.2995209858917758
Melbourne,2025,699620.9549841714,298281,Jake Lever,9.561219257065927,0.03514963662244108
Sydney Swans,2025,640831.9663521611,295342,Jake Lloyd,8.757792192442736,0.03347323614201969
Melbourne,2025,693702.1051892142,280824,Jake Melksham,9.480330569790247,0.003958009118090633
GWS GIANTS,2025,562754.7846141069,1008123,Jake Riccardi,7.690767186611956,0.05348115207024717
Gold Coast SUNS,2025,417519.74375982967,1018123,Jake Rogers,5.705943748257272,0.06941389054191238
Adelaide Crows,2025,747069.4275965731,1017109,Jake Soligo,10.20966359943175,0.28380821344365625
GWS GIANTS,2025,511494.52191214473,293884,Jake Stringer,6.990229835098025,0.08388245245403014
West Coast Eagles,2025,729169.5320248175,996554,Jake Waterman,9.965038527782758,0.08403454033797164
Western Bulldogs,2025,619316.724220472,297899,James Harmes,8.46375876487824,0.005014827954687218
Sydney Swans,2025,522927.79125939286,1013409,James Jordon,7.1464801507515965,0.05128846980482216
Western Bulldogs,2025,697137.3360719606,1032966,James O'Donnell,9.527277413555563,0.22745532760180542
Adelaide Crows,2025,642878.8826720731,1006013,James Peatling,8.785765933932494,0.2854101347842074
Sydney Swans,2025,584262.2322389607,1006126,James Rowbottom,7.984694092225785,0.14000069862676257
Hawthorn,2025,780321.0198257011,297566,James Sicily,10.66408933051414,0.09108373842530415
Richmond,2025,553874.7847409586,1031829,James Trezise,7.569410578887407,0
Hawthorn,2025,635326.790986941,1002222,James Worpel,8.682556897758545,0.09984083596336157
West Coast Eagles,2025,585615.7051044774,290826,Jamie Cripps,8.003191037941178,0.00560043770711105
Collingwood,2025,712502.7782868332,293801,Jamie Elliott,9.737265923693167,0.04405021557384092
Hawthorn,2025,740039.2805326361,296254,Jarman Impey,10.1135876071264,0.09185904682291379
Brisbane Lions,2025,816234.343312603,998133,Jarrod Berry,11.15489103915646,0.07789161365432284
Gold Coast SUNS,2025,504563.3408750623,291975,Jarrod Witts,6.895506340706033,0
Port Adelaide,2025,619905.5587436493,1013462,Jase Burgoyne,8.471805945200838,0.1780981831427184
Port Adelaide,2025,872168.6302310918,1011640,Jason Horne-Francis,11.919304937004053,0.34836629109276074
Western Bulldogs,2025,586978.9574456658,294101,Jason Johannisen,8.021821632756776,0.030177818033679138
Brisbane Lions,2025,834820.1540919469,1023708,Jaspa Fletcher,11.408890023414541,0.35005250532849197
Carlton,2025,401830.7805455828,1023533,Jaxon Binns,5.4915339079876215,0.176195962570875
Essendon,2025,647907.401146955,1009386,Jaxon Prior,8.854487099778133,0.07572201677716339
West Coast Eagles,2025,381198.17893378495,994385,Jayden Hunt,5.209562897187131,0
Essendon,2025,563579.8496408267,298280,Jayden Laverde,7.702042760285966,0.0861372213455398
Essendon,2025,NA,1018987,Jayden Nguyen,NA,0
Richmond,2025,563204.4564258616,992049,Jayden Short,7.6969125296799135,0.16386189461036416
Port Adelaide,2025,475524.171724224,1004819,Jed McEntee,6.498648783315587,0
Gold Coast SUNS,2025,568816.1324476129,1023736,Jed Walter,7.77360329267285,0.20988124742933723
Western Bulldogs,2025,495342.2130470291,1023017,Jedd Busslinger,6.769487781180109,0.09414966141146397
Geelong Cats,2025,968815.0314602207,293845,Jeremy Cameron,13.240102185821414,0.07718694928291858
Port Adelaide,2025,366042.8943791088,298111,Jeremy Finlayson,5.002446461496948,0.04195816513699169
Collingwood,2025,617345.8170341406,291313,Jeremy Howe,8.436823785859112,0.012323107783665077
West Coast Eagles,2025,813864.8924317113,294859,Jeremy McGovern,11.122509448482743,0.02376660083207105
Fremantle,2025,503365.9466885414,1009380,Jeremy Sharp,6.879142410676635,0.04891903302296985
GWS GIANTS,2025,788096.0161992679,296324,Jesse Hogan,10.770344645654388,0.14586139561783207
Carlton,2025,481718.80857898964,1017700,Jesse Motlop,6.583306455108246,0.08753815258901698
Geelong Cats,2025,402214.9353560611,1023537,Jhye Clark,5.496783877053688,0.02299296852409949
St Kilda,2025,457192.87210011005,290757,Jimmy Webster,6.248128021002102,0.012279657041524228
West Coast Eagles,2025,NA,1031913,Jobe Shanahan,NA,0
Port Adelaide,2025,307368.8760701826,1028529,Joe Berry,4.200590614058193,0.029053633661796252
GWS GIANTS,2025,406719.34675472026,1032629,Joe Fonti,5.5583424463043505,0.06268986244521013
Port Adelaide,2025,535985.2293852862,1008239,Joe Richards,7.32492681957681,0.02965276751165602
Sydney Swans,2025,441310.1039103486,1008091,Joel Amartey,6.031069586731937,0.09891044645298186
Western Bulldogs,2025,841642.7504003985,1027704,Joel Freijah,11.502129567974825,0.48176015863924715
Sydney Swans,2025,406950.34628639126,295222,Joel Hamling,5.561499351704126,0
Gold Coast SUNS,2025,737565.2238978795,1005992,Joel Jeffrey,10.079776444423532,0.20941017103706128
Gold Coast SUNS,2025,779465.8418702171,1000072,John Noble,10.652402224978005,0.2395070667525241
Richmond,2025,463658.80581873347,1028498,Jonty Faull,6.3364933130148495,0.17209373823758622
Fremantle,2025,839509.4370667253,1006152,Jordan Clark,11.472975100284911,0.292893559083818
Adelaide Crows,2025,897426.9688732666,992242,Jordan Dawson,12.264492587697733,0.11278946987646699
Collingwood,2025,NA,994185,Jordan De Goey,NA,NA
Essendon,2025,687638.4128212729,1001026,Jordan Ridley,9.397462422653923,0.09913781157326396
Adelaide Crows,2025,485645.38045474613,1004995,Jordon Butts,6.636968104841972,0.10201696544823513
Port Adelaide,2025,484342.3318848042,992330,Jordon Sweet,6.6191602719132066,0.10179266576462453
Hawthorn,2025,676244.9527970863,998134,Josh Battle,9.241756152548952,0.19543249041060395
Collingwood,2025,810655.0969451399,1005054,Josh Daicos,11.078643469056578,0.2710991610704412
Western Bulldogs,2025,NA,1034235,Josh Dolan,NA,0
Brisbane Lions,2025,733666.1614326561,993834,Josh Dunkley,10.026490746130174,0.11569277862711591
GWS GIANTS,2025,582030.8433672604,296347,Josh Kelly,7.954199296296487,0.019650911512359648
Adelaide Crows,2025,835588.5252160139,1017051,Josh Rachele,11.419390802065701,0.3092377537305203
Port Adelaide,2025,375280.2077142826,1017078,Josh Sinn,5.128686216773881,0.15363016026069987
Fremantle,2025,900264.3028032188,1012819,Josh Treacy,12.303268401395881,0.3259059038666626
Hawthorn,2025,703298.9847044202,1017110,Josh Ward,9.611484258905527,0.16325297186335674
Hawthorn,2025,880835.3338883657,1027935,Josh Weddle,12.037746577885272,0.33037516231716835
Adelaide Crows,2025,798939.8144890834,1011981,Josh Worrell,10.918539081926909,0.22458164305251005
Melbourne,2025,487678.46151143895,1017703,Judd McVee,6.664752769683617,0.0946007287380366
Sydney Swans,2025,810511.6686962753,1011936,Justin McInerney,11.076683337752218,0.1935824347650279
Gold Coast SUNS,2025,598526.3184408752,999715,Jy Farrar,8.179631157370265,0.0175782388352409
North Melbourne,2025,639119.2755446554,993998,Jy Simpkin,8.734386072009286,0.19174296441759808
Fremantle,2025,481826.7319965493,1020594,Jye Amiss,6.584781367274481,0.12210704971668762
Essendon,2025,944116.5977945339,1006103,Jye Caldwell,12.902566356024732,0.3955405002750688
Essendon,2025,362533.45097506116,1013201,Jye Menzie,4.954485408276176,0.018379996955074418
Melbourne,2025,598346.7018404625,1005330,Kade Chandler,8.177176465745438,0.03732624054090361
Brisbane Lions,2025,537555.953733807,1014026,Kai Lohmann,7.34639278594278,0.11871179692895639
Richmond,2025,350786.5214100201,1022999,Kaleb Smith,4.7939485227404814,0.09421230213452858
Richmond,2025,508288.9825054718,294592,Kamdyn McIntosh,6.946422020472092,0
Port Adelaide,2025,558156.46933037,1002253,Kane Farrell,7.627925300119403,0.2600678336287102
Richmond,2025,577608.4148576449,1019916,Kane McAuliffe,7.8937611285602305,0.32278002210511547
Hawthorn,2025,727636.3505565673,297354,Karl Amon,9.94408563311261,0.15634068159882075
Fremantle,2025,547469.2896161375,1021015,Karl Worner,7.481871257913429,0.13050347661503392
GWS GIANTS,2025,457105.35032465844,1008436,Kieren Briggs,6.246931923488299,0.24437721447055427
Melbourne,2025,391083.635688225,1023640,Koltyn Tholstrup,5.344660365054689,0.045343197941617897
Essendon,2025,612258.9060347228,298630,Kyle Langford,8.367304611140117,0.021125437786540524
Melbourne,2025,920467.8014841301,1008541,Kysaiah Pickett,12.579375169313382,0.27439355462174075
GWS GIANTS,2025,728007.278318805,1009253,Lachie Ash,9.949154837569713,0.34419628625214327
Port Adelaide,2025,668173.0818885524,1011583,Lachie Jones,9.131443665449462,0.12654446153278953
Brisbane Lions,2025,859605.6711679057,293535,Lachie Neale,11.747615959901614,0.05352132089499306
Collingwood,2025,561094.6943412602,1000860,Lachie Schultz,7.668079920068364,0.030683624409908017
Gold Coast SUNS,2025,527002.5032547787,298524,Lachie Weller,7.202166325557728,0.002632387948274806
GWS GIANTS,2025,778087.8415451165,294305,Lachie Whitfield,10.633570080013317,0.10557453160112229
Essendon,2025,654587.3623910575,1028196,Lachlan Blakiston,8.945777352919583,0.09337643895004333
Western Bulldogs,2025,496216.8052927744,1009015,Lachlan McNeil,6.781440207937094,0.11069869068741867
Adelaide Crows,2025,198440.97825629736,1000998,Lachlan Murphy,2.7119509345428874,0
Adelaide Crows,2025,524214.1149411587,1006136,Lachlan Sholl,7.164059416594482,0.009349909537705425
Western Bulldogs,2025,388815.81648076663,1005000,Laitham Vandermeer,5.31366770177978,0.005218728225973135
St Kilda,2025,291624.99977724545,1017959,Lance Collard,3.985430316013232,0.16234064897087896
Geelong Cats,2025,654804.4454373419,1013464,Lawson Humphries,8.94874407166597,0.25025716807237086
GWS GIANTS,2025,659472.6013529,1008691,Leek Aleer,9.012540420127017,0.12610548983148795
Brisbane Lions,2025,NA,1028560,Levi Ashcroft,NA,0
Sydney Swans,2025,649279.1232978086,996743,Lewis Melican,8.87323344542523,0.09889526394471415
Carlton,2025,614806.6573685968,997316,Lewis Young,8.402122906592975,0.09735486328050447
West Coast Eagles,2025,759832.0808019814,1000223,Liam Baker,10.384081653564454,0.14435507418331484
West Coast Eagles,2025,592641.7580540711,298268,Liam Duggan,8.099211078913708,0.2212210172557052
St Kilda,2025,329526.58203999494,1005988,Liam Henry,4.503404135439593,0.08732655211497475
Western Bulldogs,2025,494236.1760187981,281078,Liam Jones,6.7543723640988835,0.010556410252976933
Essendon,2025,556677.7332740031,1012842,Liam McMahon,7.607716471956771,0.03588608128653681
St Kilda,2025,438700.80589440133,1035198,Liam O'Connell,5.995410176790359,0.11058568899343979
West Coast Eagles,2025,636577.9403415619,1004364,Liam Ryan,8.6996554612273,0.07111312686549809
St Kilda,2025,551128.7037277723,1008312,Liam Stocker,7.531881853543077,0.02077275616600749
Hawthorn,2025,646819.2226197565,1000980,Lloyd Meek,8.839615742058992,0.159414916131272
Port Adelaide,2025,583583.2558364165,1019938,Logan Evans,7.97541500730294,0.1157533327600524
Brisbane Lions,2025,739317.7802256842,1028019,Logan Morris,10.103727378413033,0.4589038184995683
Essendon,2025,420766.81187356805,1027706,Luamon Lual,5.750319106023366,0.019846373216137803
Hawthorn,2025,333308.67271128966,280744,Luke Breust,4.555091263877834,0.015325100958808013
Western Bulldogs,2025,586725.4651745701,1015929,Luke Cleary,8.01835733517299,0.0474192181712505
North Melbourne,2025,842487.5639508305,1002267,Luke Davies-Uniacke,11.513675030599229,0.386429760798919
Fremantle,2025,831960.4603672248,1009399,Luke Jackson,11.369808634391907,0.40552222682242955
North Melbourne,2025,571339.155681047,296355,Luke McDonald,7.808083646861328,0.022618916436002
Adelaide Crows,2025,355471.81724207633,1021031,Luke Nankervis,4.857979110182677,0.05068279368702244
North Melbourne,2025,661321.9640476624,290778,Luke Parker,9.03781433750255,0.018159217276150996
Adelaide Crows,2025,673765.166174187,1012218,Luke Pedlar,9.207866682195945,0.027078976492237783
Fremantle,2025,686835.3951526579,998659,Luke Ryan,9.38648815445594,0.18528798339317176
Richmond,2025,483534.51565315295,1028521,Luke Trainor,6.608120425185905,0.12073475674198741
Hawthorn,2025,711869.7729186565,994077,Mabior Chol,9.728615092020789,0.18448019009621608
Gold Coast SUNS,2025,750070.5024764893,1017396,Mac Andrew,10.25067714359353,0.20467426543396405
Port Adelaide,2025,414329.49878584885,1008649,Mani Liddy,5.66234495170511,0.0719481168379612
Carlton,2025,534371.2472927083,298290,Marc Pittonet,7.30286968055863,0.10580220382320482
Western Bulldogs,2025,1148135.1039969884,297373,Marcus Bontempelli,15.690741376232443,0.19647016417250696
St Kilda,2025,609459.4598299845,1023270,Marcus Windhager,8.32904658188702,0.19759884222145419
Geelong Cats,2025,613218.685809491,296733,Mark Blicavs,8.3804212349343,0.010885531180544028
Adelaide Crows,2025,865858.5807421682,1013974,Mark Keane,11.833070003277832,0.25847692322437765
Geelong Cats,2025,501828.8442896731,1007102,Mark O'Connor,6.8581359314517885,0
Collingwood,2025,315279.9679533471,998647,Mason Cox,4.308705849199258,0.008071638645013146
Essendon,2025,821732.0173134916,997078,Mason Redman,11.23002381805894,0.2525071128785208
St Kilda,2025,644285.2133494243,295340,Mason Wood,8.804985249560907,0.034677880224521784
Hawthorn,2025,643372.8252428161,1005144,Massimo D'Ambrosio,8.79251629380326,0.16336447267043486
Adelaide Crows,2025,619132.1138453073,297401,Matt Crouch,8.461235826905178,0.11963240586591473
Essendon,2025,381213.29928199766,996232,Matt Guelfi,5.20976953617282,0.004789430229897529
Sydney Swans,2025,661705.300312331,1012210,Matt Roberts,9.04305312008842,0.32835222338849457
Gold Coast SUNS,2025,1008479.4246759592,1009208,Matt Rowell,13.782167081866064,0.6257962236712553
St Kilda,2025,324311.11859097297,1020137,Mattaes Phillipou,4.432128126326285,0.09417935464643856
Melbourne,2025,275852.9528397268,1023486,Matthew Jefferson,3.769885029915044,0.06135386424608347
Western Bulldogs,2025,808279.2745375102,1001398,Matthew Kennedy,11.046174803283536,0.09202986745506903
Richmond,2025,428736.8704076196,1009551,Maurice Rioli,5.859240196212038,0.06828693789012097
Melbourne,2025,1033422.1379782086,290528,Max Gawn,14.123041306758795,0.004876655271162322
GWS GIANTS,2025,561905.0607967133,1027921,Max Gruzewski,7.67915461888057,0.08223747083384825
St Kilda,2025,700458.4145433572,1020855,Max Hall,9.572664217951184,0.11906011233544411
Geelong Cats,2025,1006016.3500061509,1015889,Max Holmes,13.74850600182438,0.5974047325869041
Adelaide Crows,2025,562465.0164712234,1015370,Max Michalanney,7.686807132631179,0.10857570969608177
Fremantle,2025,591736.4888851935,999321,Michael Frederick,8.086839412586908,0.05903258757746532
Port Adelaide,2025,677189.5677010086,1009191,Miles Bergman,9.254665528898462,0.1939412479908914
Geelong Cats,2025,448512.63822900155,281065,Mitch Duncan,6.129501472364551,0.016474062933375166
Port Adelaide,2025,767192.2317612632,1010174,Mitch Georgiades,10.48466757310483,0.4766415250333107
Geelong Cats,2025,439187.4897925945,1021103,Mitch Knevitt,6.002061337574435,0.017870740758590076
Hawthorn,2025,602310.6198640926,1000887,Mitch Lewis,8.231348498574013,0.007561178693344495
Carlton,2025,659999.9265851582,297255,Mitch McGovern,9.019746996959062,0.03394211489583254
St Kilda,2025,598752.5914931186,1023272,Mitch Owens,8.182723469355851,0.2723485890719163
Fremantle,2025,NA,1028513,Murphy Reid,NA,0
St Kilda,2025,1083836.3912769984,1015507,Nasiah Wanganeen-Milera,14.812016852784135,0.40605038172271735
Essendon,2025,376307.4726609587,1027899,Nate Caddy,5.142725112150435,0.30440846865276294
Richmond,2025,678025.007271587,295203,Nathan Broad,9.26608288404402,0.02134404053190675
Fremantle,2025,503391.6010316003,1013220,Nathan O'Driscoll,6.879493010236489,0.05342689902909514
Collingwood,2025,624342.1894200556,1017124,Ned Long,8.53243820379393,0.27238744171646956
Fremantle,2025,542224.1857133021,1020250,Neil Erasmus,7.4101901739152565,0.06429919779724391
Essendon,2025,911403.3186549855,1012013,Nic Martin,12.45549736496242,0.2883861952542549
Sydney Swans,2025,954793.8741686778,1006028,Nick Blakey,13.048485056364104,0.3270513642978702
Collingwood,2025,1198139.8271076393,1023261,Nick Daicos,16.37412016605246,0.661589591494217
Carlton,2025,827252.7509466385,295265,Nick Haynes,11.305471736464371,0.032802149515441026
Gold Coast SUNS,2025,415347.3036138042,297456,Nick Holman,5.676254562404523,0
North Melbourne,2025,730633.8234092034,1001017,Nick Larkey,9.985049950943552,0.2586391973788542
Adelaide Crows,2025,467104.95909452054,1008230,Nick Murray,6.38358942531469,0.10409296550367164
Richmond,2025,877843.4052419887,294674,Nick Vlastuin,11.996858028756334,0.05776810268005872
Hawthorn,2025,732765.7281198605,1023473,Nick Watson,10.01418516799008,0.3158126861596594
Gold Coast SUNS,2025,1062172.469398563,1009199,Noah Anderson,14.51595152544934,0.5728143592125707
Brisbane Lions,2025,589183.2571797636,1005053,Noah Answerth,8.051946220815289,0.04713866237136355
Richmond,2025,645445.9663607394,1002245,Noah Balta,8.820848430852745,0.10242883843524986
West Coast Eagles,2025,349050.09865502204,1023496,Noah Long,4.770218074752583,0.08969426505650924
Geelong Cats,2025,356346.5326307877,1024982,Oisin Mullin,4.869933219846513,0.016569450304592115
Collingwood,2025,379872.87806138914,298358,Oleg Markov,5.191450957954488,0
Geelong Cats,2025,753444.8590145747,1025034,Oliver Dempsey,10.29679206122472,0.19930137825516858
Sydney Swans,2025,572265.8152577694,998103,Oliver Florent,7.820747640594768,0.0014345658237204795
Geelong Cats,2025,467180.0783283411,1012860,Oliver Henry,6.384616026161712,0.048127487653633505
Carlton,2025,551249.5373538863,1023495,Oliver Hollands,7.533533200296874,0.15702153807575814
Port Adelaide,2025,374684.84643452486,1012881,Ollie Lord,5.120549839936711,0.04765390317225082
Port Adelaide,2025,705996.5540763387,294318,Ollie Wines,9.648350010341806,0.11607079531957887
Carlton,2025,662915.7486722283,296334,Orazio Fantasia,9.059595452169647,0.031275039823174144
Gold Coast SUNS,2025,376039.1136161724,1015515,Oscar Adams,5.13905764100261,0.10845987130769674
West Coast Eagles,2025,546685.0447361338,1004385,Oscar Allen,7.471153543992013,0.015375665929072246
Fremantle,2025,619653.922242295,992472,Oscar McDonald,8.468367009094953,0.02985151903399963
Brisbane Lions,2025,415325.05448320176,1005521,Oscar McInerney,5.675950499448071,0.022392834223962654
Western Bulldogs,2025,595169.8802035074,1008855,Oskar Baker,8.133761116340692,0
Carlton,2025,807256.367802013,990704,Patrick Cripps,11.032195468462382,0.10559461201816911
Geelong Cats,2025,697215.1154665068,270917,Patrick Dangerfield,9.528340368916806,0
Collingwood,2025,677951.733789299,1003130,Patrick Lipinski,9.265081507763202,0.07258364104262927
Fremantle,2025,588354.9248131958,1017754,Patrick Voss,8.040625994744218,0.23652843600104367
North Melbourne,2025,812338.2932584562,1002947,Paul Curtis,11.101646509330958,0.31969375575168246
Sydney Swans,2025,386081.76885313087,997142,Peter Ladhams,5.2763034281100785,0.0909584133121818
Essendon,2025,765714.0523630932,298289,Peter Wright,10.464466352391677,0.1887107034191362
Adelaide Crows,2025,449362.8714951082,297523,Reilly O'Brien,6.141121002367167,0.06505038963102905
West Coast Eagles,2025,656227.691319786,1023025,Reuben Ginbey,8.96819455530546,0.17373201332954047
West Coast Eagles,2025,431205.0040809428,1017718,Rhett Bazzo,5.89297041403681,0.10102827843089801
Richmond,2025,613668.8969876133,1008478,Rhyan Mansell,8.386573949136675,0.022761497909878026
Western Bulldogs,2025,795754.8597277964,1006127,Rhylee West,10.875012582928333,0.2646438099040729
Geelong Cats,2025,439088.1230476136,280317,Rhys Stanley,6.000703363333019,0.009356536412704952
Sydney Swans,2025,640444.3857107898,1008224,Riley Bice,8.75249540499584,0.23784442151289686
Western Bulldogs,2025,410919.9230157843,1006533,Riley Garcia,5.615748718017535,0.12664624478686615
North Melbourne,2025,515392.2502802405,1023625,Riley Hardeman,7.04349730124002,0.027959303896934462
Adelaide Crows,2025,1020062.9318218813,1008384,Riley Thilthorpe,13.940470590071387,0.5601297697444101
Collingwood,2025,478271.93082948937,1027501,Roan Steele,6.536200441944274,0.021627779056859864
Adelaide Crows,2025,707826.5009537138,293222,Rory Laird,9.673358585626351,0.06054429041209508
Western Bulldogs,2025,749619.7593589595,990740,Rory Lobb,10.244517159755693,0.002585520889888393
St Kilda,2025,668961.7358781736,992468,Rowan Marshall,9.142221635518839,0.12135193218587959
GWS GIANTS,2025,661178.94937762,1015777,Ryan Angwin,9.03585985828418,0.09260869112563375
Port Adelaide,2025,661953.9082098554,992128,Ryan Burton,9.046450666431673,0.09474016574782984
St Kilda,2025,571765.955332083,1011994,Ryan Byrnes,7.813916412465793,0.07450526207874497
Brisbane Lions,2025,604466.9006030918,291548,Ryan Lester,8.260816845367351,0.019500749104399473
West Coast Eagles,2025,682199.0311984477,1029416,Ryan Maric,9.32312628399458,0.24178759900537738
Western Bulldogs,2025,711927.0688006849,1017939,Ryley Sanders,9.729398113865257,0.1893011509899667
Essendon,2025,389290.11304574716,1015919,Saad El-Hawli,5.320149573739653,0.03745799374551362
Richmond,2025,596904.6841716853,1013197,Sam Banks,8.157469441526795,0.18220441192763437
Adelaide Crows,2025,500965.7100974294,1012807,Sam Berry,6.84634009371777,0.03083653020215371
Hawthorn,2025,300130.71874723816,1010708,Sam Butler,4.101671894301757,0.08338816113169645
Gold Coast SUNS,2025,630296.9537422815,1013257,Sam Clohesy,8.613817709229474,0.055572062130328836
Gold Coast SUNS,2025,820371.1729181423,295446,Sam Collins,11.211426130917081,0.034038101814938604
Western Bulldogs,2025,1147291.8488625,1017126,Sam Darcy,15.67921721136424,0.46417431637463935
Western Bulldogs,2025,671822.2778014658,1036123,Sam Davidson,9.18131461626474,0.06092277118095957
Brisbane Lions,2025,277434.03584017296,291753,Sam Day,3.7914925605688783,0.0038178645675930323
Geelong Cats,2025,NA,1009229,Sam De Koning,NA,NA
Carlton,2025,680140.1426194716,295518,Sam Docherty,9.294988926202166,0.02690969257753728
Essendon,2025,1072180.9736016032,1005577,Sam Draper,14.652730594799399,0.23326710491225144
Essendon,2025,819813.303492177,1015810,Sam Durham,11.203802128433356,0.44497028031847197
Gold Coast SUNS,2025,558211.9590345497,1009260,Sam Flanders,7.628683638222905,0.08958028678015983
Richmond,2025,NA,1028491,Sam Lalor,NA,0
Brisbane Lions,2025,429896.8601679317,1028520,Sam Marshall,5.87509294669826,0.040128065233922094
Port Adelaide,2025,649987.038417693,993979,Sam Powell-Pepper,8.882908015102407,0.022553737343408042
Fremantle,2025,557783.9973801367,992059,Sam Switkowski,7.622834992349297,0.026897452763219865
GWS GIANTS,2025,861611.2302804907,1005247,Sam Taylor,11.775024502015487,0.28266659660963656
Carlton,2025,794189.5413255331,1006094,Sam Walsh,10.853620495763794,0.4385906731852107
Sydney Swans,2025,432950.561139915,1006232,Sam Wicks,5.916825694024715,0.010719167154637388
West Coast Eagles,2025,671336.0149911804,1013315,Sandy Brock,9.17466921018796,0.13243323209544544
Collingwood,2025,NA,260257,Scott Pendlebury,NA,0
Fremantle,2025,457955.8057031712,998145,Sean Darcy,6.258554488942325,0.09846979014824553
Richmond,2025,622984.2213866621,1023275,Seth Campbell,8.513879825833888,0.1878085035930639
Fremantle,2025,646761.8755363843,993993,Shai Bolton,8.838832020482377,0.14213826155978593
Geelong Cats,2025,664297.2322922915,1016433,Shannon Neale,9.078475200835506,0.23517889210833398
Geelong Cats,2025,741496.0235823146,993878,Shaun Mannagh,10.133495872594947,0.08153514302104459
Adelaide Crows,2025,NA,1022607,Sid Draper,NA,0
Collingwood,2025,862011.829964142,280965,Steele Sidebottom,11.780499211402638,0.019517897861352607
Richmond,2025,451565.64370697254,1023056,Steely Green,6.171224714871723,0.005848538948111104
GWS GIANTS,2025,382318.65108910226,291969,Stephen Coniglio,5.224875588826946,0.006180225584140109
Melbourne,2025,746978.4241302632,281085,Steven May,10.20841992013892,0.03006602434646155
Richmond,2025,NA,1032106,Taj Hotton,NA,0
Western Bulldogs,2025,331155.0636002029,290085,Taylor Duryea,4.525659428312559,0.014674581772480266
Adelaide Crows,2025,702004.8065870749,280506,Taylor Walker,9.593797652108687,0.016130148471783734
Geelong Cats,2025,294186.76533318305,1023542,Ted Clohesy,4.0204401338167495,0.06150997493517574
Richmond,2025,590097.6590169277,1009226,Thomson Dow,8.064442696788321,0.09253690168741457
Western Bulldogs,2025,810895.6248456391,1004592,Tim English,11.081930591858905,0.25662721196557103
West Coast Eagles,2025,521060.833063379,295898,Tim Kelly,7.120965768243903,0.005686120642132697
Collingwood,2025,587920.1169114696,294596,Tim Membrey,8.03468378610468,0.044485498733945916
Richmond,2025,755274.3614726751,998172,Tim Taranto,10.321794562948863,0.21891227739619912
St Kilda,2025,NA,1028538,Tobie Travaglia,NA,0
GWS GIANTS,2025,577785.5105416852,1008139,Toby Bedford,7.896181368623833,0.05499391647141605
GWS GIANTS,2025,775245.3705553599,295344,Toby Greene,10.594724061792597,0.07485942135750678
GWS GIANTS,2025,486365.10097204754,1027971,Toby McMullin,6.646804010443003,0.06981938845605473
Richmond,2025,636989.7047163096,298174,Toby Nankervis,8.705282750463226,0.029295462366549452
North Melbourne,2025,527158.5964417207,1002138,Toby Pink,7.204299539513449,0.08856579695535427
Essendon,2025,NA,271129,Todd Goldstein,NA,0
Geelong Cats,2025,658340.3780815745,994386,Tom Atkins,8.997067134388539,0.09502245489822447
Hawthorn,2025,721160.1728062256,990290,Tom Barrass,9.855580343244402,0.05451324462099583
Richmond,2025,688963.0078490609,1017086,Tom Brown,9.415564715613097,0.14137071993120132
West Coast Eagles,2025,613660.6949307974,993820,Tom Cole,8.386461857491883,0.09587945037354628
Carlton,2025,NA,1004912,Tom De Koning,NA,NA
GWS GIANTS,2025,1104985.123732613,1009528,Tom Green,15.101041454715523,0.6546821964168004
West Coast Eagles,2025,NA,1028561,Tom Gross,NA,0
Sydney Swans,2025,385048.9850120712,1027687,Tom Hanily,5.2621891099508264,0.04267765665907963
Western Bulldogs,2025,750921.4779372548,290799,Tom Liberatore,10.26230681663977,0.026411517675162255
Richmond,2025,542090.2295827967,293813,Tom Lynch,7.408359491278515,0.06552880796465543
West Coast Eagles,2025,638831.9942631036,1036124,Tom McCarthy,8.730460004183845,0.21888211523809664
Sydney Swans,2025,815413.1239188662,1008198,Tom McCartin,11.143668020998222,0.21253383676284465
Melbourne,2025,738340.8137041836,291533,Tom McDonald,10.090375875642378,0.009183895457085423
Sydney Swans,2025,579945.3863711522,996765,Tom Papley,7.9256988469475615,0.09709180805513373
North Melbourne,2025,624795.401669023,1011659,Tom Powell,8.538631931485323,0.25499068333353536
Melbourne,2025,515736.32273193484,999391,Tom Sparrow,7.04819949337353,0.026391256186877876
Geelong Cats,2025,850667.2114961373,291800,Tom Stewart,11.625460423916913,0.028904645888615854
Gold Coast SUNS,2025,832869.4894729006,298272,Touk Miller,11.382231685086005,0.12509433270984582
Port Adelaide,2025,NA,250365,Travis Boak,NA,0
Melbourne,2025,720540.0915483193,1009378,Trent Rivers,9.847106136144397,0.20510591178051363
North Melbourne,2025,782786.277353637,1004965,Tristan Xerri,10.697780242116782,0.20654947547780533
Brisbane Lions,2025,559734.5771470641,1034411,Ty Gallop,7.649492171064607,0.286232604753089
Richmond,2025,678403.1201128111,1018433,Tylar Young,9.271250281837212,0.2737278300355015
West Coast Eagles,2025,585540.7193536285,1013511,Tyler Brockman,8.002166261310471,0.015499989556069127
Richmond,2025,476951.6127476518,1017114,Tyler Sonsie,6.518156598946742,0.10316413961113746
West Coast Eagles,2025,494278.50781722285,1023142,Tyrell Dewar,6.754950882514323,0.029653513606369253
Geelong Cats,2025,620269.8755990698,997230,Tyson Stengle,8.476784803122268,0.19647723280585805
Adelaide Crows,2025,658246.6511420701,990882,Wayne Milera,8.995786235335256,0.1709305760065868
North Melbourne,2025,560596.0547816332,1028551,Wil Dawson,7.661265369809577,0.19591640471968175
Gold Coast SUNS,2025,692013.3651754479,1007881,Wil Powell,9.4572517677264,0.09118247762934029
Brisbane Lions,2025,837919.8310039154,1023517,Will Ashcroft,11.45125109103303,0.7144836529524372
Hawthorn,2025,1021235.8634070982,1008550,Will Day,13.95650020722322,0.4657229036863305
Gold Coast SUNS,2025,602871.8175943039,1026960,Will Graham,8.23901798661163,0.2170270634525
Sydney Swans,2025,538957.1922224844,997100,Will Hayward,7.365542510270272,0.06011006662761986
Collingwood,2025,414900.4136026592,291720,Will Hoskin-Elliott,5.670147236216092,0
Port Adelaide,2025,524924.4952859241,1029262,Will Lorenz,7.173767676737097,0.048393932490267355
Brisbane Lions,2025,380857.07318348833,1029405,Will McLachlan,5.204901248839983,0.09566033428377396
North Melbourne,2025,433746.06835931307,1012829,Will Phillips,5.927697322284357,0.05536000318704282
Essendon,2025,672827.0783944787,998215,Will Setterfield,9.195046507385188,0.13343030922199417
Carlton,2025,433739.78176589595,1027713,Will White,5.92761140790799,0.002932244736737366
Port Adelaide,2025,587104.5072190146,1000972,Willem Drew,8.023537431722074,0.09059482351013781
Port Adelaide,2025,659245.2448816783,296225,Willie Rioli,9.00943330182906,0.032308090812302126
Essendon,2025,655972.5012168216,1006096,Xavier Duursma,8.96470705466773,0.025370247543430424
Melbourne,2025,NA,1028531,Xavier Lindsay,NA,0
GWS GIANTS,2025,527197.3696395755,1006135,Xavier O'Halloran,7.204829425079834,0.05875861664989468
Brisbane Lions,2025,971310.3932396866,1002312,Zac Bailey,13.274204510700628,0.20784229790895992
North Melbourne,2025,390355.17504826054,999827,Zac Fisher,5.334705014447731,0.0012969900749287833
Adelaide Crows,2025,463395.0304758405,1017065,Zac Taylor,6.332888484042761,0.007867845320838618
Carlton,2025,675201.8876871387,294685,Zac Williams,9.227501327640471,0.03371077846866255
Geelong Cats,2025,747077.0642423864,1004870,Zach Guthrie,10.209767964008723,0.16607552729185393
Essendon,2025,775757.0869893201,992016,Zach Merrett,10.601717324340955,0.13579054520575007
Essendon,2025,716091.1807748427,1012817,Zach Reid,9.78630605424677,0.3717780410827799
Port Adelaide,2025,1077910.2635914008,1006121,Zak Butters,14.731028703781863,0.5687090632834675
Essendon,2025,NA,1028519,Zak Johnson,NA,0
St Kilda,2025,479175.19208176323,991988,Zak Jones,6.548544667510814,0.009921103065965609
North Melbourne,2025,319009.13060112967,1023494,Zane Duursma,4.359669648191694,0.10714654738458496
