season,playerId,team,player_name,weighted_avg,recent_form,form_change
2019,270963,Adelaide Crows,Rory Sloane,14.2497272727273,14.2497272727273,0
2019,293535,Brisbane Lions,Lachie Neale,16.6244100694445,16.6244100694445,0
2019,990704,Carlton,Patrick Cripps,16.6350666666667,16.6350666666667,0
2019,293957,Collingwood,Brodie Grundy,17.3528815972222,17.3528815972222,0
2019,992016,Essendon,Zach Merrett,14.7134275362319,14.7134275362319,0
2019,291570,Fremantle,Nat Fyfe,18.3717229166667,18.3717229166667,0
2019,294685,GWS GIANTS,Zac Williams,13.7524923611111,13.7524923611111,0
2019,270917,Geelong Cats,Patrick Dangerfield,15.98479375,15.98479375,0
2019,298437,Gold Coast SUNS,Callum Ah Chee,14.12,14.12,0
2019,261323,Hawthorn,Ben McEvoy,14.609148245614,14.609148245614,0
2019,290528,Melbourne,Max Gawn,18.2269238095238,18.2269238095238,0
2019,271129,North Melbourne,Todd Goldstein,16.2106606060606,16.2106606060606,0
2019,290527,Port Adelaide,Trent McKenzie,15.8182,15.8182,0
2019,290847,Richmond,Dustin Martin,16.6893731884058,16.6893731884058,0
2019,992468,St Kilda,Rowan Marshall,15.1233291666667,15.1233291666667,0
2019,290778,Sydney Swans,Luke Parker,14.7385632575758,14.7385632575758,0
2019,292128,West Coast Eagles,Elliot Yeo,15.3337438405797,15.3337438405797,0
2019,297373,Western Bulldogs,Marcus Bontempelli,15.8400746376812,15.8400746376812,0
2020,297523,Adelaide Crows,Reilly O'Brien,10.8597931372549,10.8597931372549,0
2020,293535,Brisbane Lions,Lachie Neale,14.5459236842105,14.5459236842105,0
2020,990704,Carlton,Patrick Cripps,11.4158833333333,11.4158833333333,0
2020,291776,Collingwood,Taylor Adams,12.4556842105263,12.4556842105263,0
2020,291783,Essendon,Dylan Shiel,11.8229533333333,11.8229533333333,0
2020,291570,Fremantle,Nat Fyfe,14.4654035714286,14.4654035714286,0
2020,270811,GWS GIANTS,Sam Jacobs,11.7822845238095,11.7822845238095,0
2020,270917,Geelong Cats,Patrick Dangerfield,13.3300936507936,13.3300936507936,0
2020,1009208,Gold Coast SUNS,Matt Rowell,14.0013316666667,14.0013316666667,0
2020,280744,Hawthorn,Luke Breust,10.9788115384615,10.9788115384615,0
2020,298210,Melbourne,Christian Petracca,15.9051995098039,15.9051995098039,0
2020,271129,North Melbourne,Todd Goldstein,12.9661058823529,12.9661058823529,0
2020,294318,Port Adelaide,Ollie Wines,11.9412906862745,11.9412906862745,0
2020,290847,Richmond,Dustin Martin,14.34677125,14.34677125,0
2020,280858,St Kilda,Shane Savage,12.67755,12.67755,0
2020,298144,Sydney Swans,Sam Naismith,11.9018166666667,11.9018166666667,0
2020,271045,West Coast Eagles,Nic Naitanui,14.7369058823529,14.7369058823529,0
2020,297373,Western Bulldogs,Marcus Bontempelli,14.1353657407407,14.1353657407407,0
2021,270963,Adelaide Crows,Rory Sloane,14.3761310185185,14.3761310185185,0
2021,261224,Brisbane Lions,Dayne Zorko,16.028202173913,16.028202173913,0
2021,1006094,Carlton,Sam Walsh,14.0345935606061,14.0345935606061,0
2021,293957,Collingwood,Brodie Grundy,15.4148008333333,15.4148008333333,0
2021,293884,Essendon,Jake Stringer,17.022648245614,17.022648245614,0
2021,998145,Fremantle,Sean Darcy,15.1426218253968,15.1426218253968,0
2021,295344,GWS GIANTS,Toby Greene,14.1388310185185,14.1388310185185,0
2021,270917,Geelong Cats,Patrick Dangerfield,14.4529921875,14.4529921875,0
2021,298272,Gold Coast SUNS,Touk Miller,16.1989182539683,16.1989182539683,0
2021,291962,Hawthorn,Chad Wingard,13.4244380208333,13.4244380208333,0
2021,996701,Melbourne,Clayton Oliver,17.5027576666667,17.5027576666667,0
2021,280921,North Melbourne,Ben Cunnington,14.5648861111111,14.5648861111111,0
2021,294318,Port Adelaide,Ollie Wines,15.0005559027778,15.0005559027778,0
2021,290847,Richmond,Dustin Martin,16.5586614583333,16.5586614583333,0
2021,296205,St Kilda,Jack Steele,14.6262113636364,14.6262113636364,0
2021,294266,Sydney Swans,Tom Hickey,15.3817238095238,15.3817238095238,0
2021,271045,West Coast Eagles,Nic Naitanui,18.6904007575758,18.6904007575758,0
2021,297373,Western Bulldogs,Marcus Bontempelli,17.2412067307692,17.2412067307692,0
2022,293222,Adelaide Crows,Rory Laird,15.4128695833333,15.4128695833333,0
2022,293535,Brisbane Lions,Lachie Neale,16.585391,16.585391,0
2022,990704,Carlton,Patrick Cripps,15.9455376984127,15.9455376984127,0
2022,293871,Collingwood,Jack Crisp,15.5259286666667,15.5259286666667,0
2022,992016,Essendon,Zach Merrett,15.439851754386,15.439851754386,0
2022,998145,Fremantle,Sean Darcy,13.1105206349206,13.1105206349206,0
2022,296347,GWS GIANTS,Josh Kelly,13.2905813492064,13.2905813492064,0
2022,291800,Geelong Cats,Tom Stewart,13.1224520833333,13.1224520833333,0
2022,298272,Gold Coast SUNS,Touk Miller,16.8142757575758,16.8142757575758,0
2022,297566,Hawthorn,James Sicily,14.0713083333333,14.0713083333333,0
2022,996701,Melbourne,Clayton Oliver,18.1666373188406,18.1666373188406,0
2022,271129,North Melbourne,Todd Goldstein,13.643121969697,13.643121969697,0
2022,280711,Port Adelaide,Charlie Dixon,15.08195625,15.08195625,0
2022,993993,Richmond,Shai Bolton,14.4125315217391,14.4125315217391,0
2022,994389,St Kilda,Jack Sinclair,15.1693204545455,15.1693204545455,0
2022,1012014,Sydney Swans,Chad Warner,14.0810600694444,14.0810600694444,0
2022,271045,West Coast Eagles,Nic Naitanui,13.7283416666667,13.7283416666667,0
2022,297373,Western Bulldogs,Marcus Bontempelli,18.1394704545455,18.1394704545455,0
2023,992242,Adelaide Crows,Jordan Dawson,14.8108463768116,14.8108463768116,0
2023,293535,Brisbane Lions,Lachie Neale,13.9218022435897,13.9218022435897,0
2023,996731,Carlton,Charlie Curnow,14.1394391025641,14.1394391025641,0
2023,1023261,Collingwood,Nick Daicos,15.3839931818182,15.3839931818182,0
2023,992016,Essendon,Zach Merrett,15.9114526515152,15.9114526515152,0
2023,1009420,Fremantle,Caleb Serong,15.250009469697,15.250009469697,0
2023,1009528,GWS GIANTS,Tom Green,15.4340306818182,15.4340306818182,0
2023,994386,Geelong Cats,Tom Atkins,12.7224329710145,12.7224329710145,0
2023,1009199,Gold Coast SUNS,Noah Anderson,16.2461753623188,16.2461753623188,0
2023,1020895,Hawthorn,Jai Newcombe,15.1509329545454,15.1509329545454,0
2023,298210,Melbourne,Christian Petracca,16.530743,16.530743,0
2023,1002267,North Melbourne,Luke Davies-Uniacke,15.750405952381,15.750405952381,0
2023,1006121,Port Adelaide,Zak Butters,16.5563483333333,16.5563483333333,0
2023,993993,Richmond,Shai Bolton,15.0831028985507,15.0831028985507,0
2023,994389,St Kilda,Jack Sinclair,15.9712,15.9712,0
2023,1013128,Sydney Swans,Errol Gulden,15.515178125,15.515178125,0
2023,295898,West Coast Eagles,Tim Kelly,13.9033212121212,13.9033212121212,0
2023,297373,Western Bulldogs,Marcus Bontempelli,18.711340942029,18.711340942029,0
2024,1001195,Adelaide Crows,Izak Rankine,16.6407622222222,16.6407622222222,0
2024,293535,Brisbane Lions,Lachie Neale,16.8021689102564,16.8021689102564,0
2024,990704,Carlton,Patrick Cripps,18.3049045138889,18.3049045138889,0
2024,1023261,Collingwood,Nick Daicos,16.7782612318841,16.7782612318841,0
2024,992016,Essendon,Zach Merrett,15.6068036231884,15.6068036231884,0
2024,1009420,Fremantle,Caleb Serong,16.9801967391304,16.9801967391304,0
2024,296347,GWS GIANTS,Josh Kelly,14.6944426470588,14.6944426470588,0
2024,1015889,Geelong Cats,Max Holmes,14.870192,14.870192,0
2024,1009208,Gold Coast SUNS,Matt Rowell,16.1505355072464,16.1505355072464,0
2024,1020895,Hawthorn,Jai Newcombe,15.0798046666667,15.0798046666667,0
2024,290528,Melbourne,Max Gawn,17.2100968253968,17.2100968253968,0
2024,1004965,North Melbourne,Tristan Xerri,16.1250601449275,16.1250601449275,0
2024,1006121,Port Adelaide,Zak Butters,15.5831810897436,15.5831810897436,0
2024,298174,Richmond,Toby Nankervis,12.9120182539683,12.9120182539683,0
2024,994389,St Kilda,Jack Sinclair,14.9499265151515,14.9499265151515,0
2024,298539,Sydney Swans,Isaac Heeney,17.30616875,17.30616875,0
2024,292128,West Coast Eagles,Elliot Yeo,13.89383375,13.89383375,0
2024,297373,Western Bulldogs,Marcus Bontempelli,19.0839045138889,19.0839045138889,0
2025,992242,Adelaide Crows,Jordan Dawson,14.037835,14.037835,0
2025,1000978,Brisbane Lions,Hugh McCluggage,15.8777962962963,15.8777962962963,0
2025,294036,Carlton,George Hewett,13.8318666666667,13.8318666666667,0
2025,1023261,Collingwood,Nick Daicos,15.6138563333333,15.6138563333333,0
2025,992016,Essendon,Zach Merrett,14.5601450757576,14.5601450757576,0
2025,1009420,Fremantle,Caleb Serong,16.6541763888889,16.6541763888889,0
2025,1009528,GWS GIANTS,Tom Green,16.6148094202899,16.6148094202899,0
2025,1015889,Geelong Cats,Max Holmes,15.8300583333333,15.8300583333333,0
2025,1009199,Gold Coast SUNS,Noah Anderson,17.3630996666667,17.3630996666667,0
2025,1008550,Hawthorn,Will Day,15.2342652777778,15.2342652777778,0
2025,290528,Melbourne,Max Gawn,15.3768105072464,15.3768105072464,0
2025,1004965,North Melbourne,Tristan Xerri,17.47328625,17.47328625,0
2025,1006121,Port Adelaide,Zak Butters,15.92154375,15.92154375,0
2025,298174,Richmond,Toby Nankervis,12.9942662878788,12.9942662878788,0
2025,1015507,St Kilda,Nasiah Wanganeen-Milera,15.8968126811594,15.8968126811594,0
2025,298539,Sydney Swans,Isaac Heeney,16.7485210144928,16.7485210144928,0
2025,1000223,West Coast Eagles,Liam Baker,11.2502514492754,11.2502514492754,0
2025,297373,Western Bulldogs,Marcus Bontempelli,19.799216666666702,19.799216666666702,0
2026,992242,Adelaide Crows,Jordan Dawson,16.2567166666666,16.2567166666666,0
2026,261224,Brisbane Lions,Dayne Zorko,14.7078527777778,14.7078527777778,0
2026,298290,Carlton,Marc Pittonet,16.4659055555555,16.4659055555555,0
2026,1023261,Collingwood,Nick Daicos,17.3794388888889,17.3794388888889,0
2026,992016,Essendon,Zach Merrett,14.8604861111111,14.8604861111111,0
2026,1009420,Fremantle,Caleb Serong,18.6601,18.6601,0
2026,1023266,GWS GIANTS,Finn Callaghan,14.7181333333333,14.7181333333333,0
2026,993878,Geelong Cats,Shaun Mannagh,16.1471333333333,16.1471333333333,0
2026,298210,Gold Coast SUNS,Christian Petracca,26.7490833333333,26.7490833333333,0
2026,1023473,Hawthorn,Nick Watson,16.7884888888889,16.7884888888889,0
2026,290528,Melbourne,Max Gawn,18.4599111111111,18.4599111111111,0
2026,1004965,North Melbourne,Tristan Xerri,17.1652555555556,17.1652555555556,0
2026,1006121,Port Adelaide,Zak Butters,19.8911166666666,19.8911166666666,0
2026,298174,Richmond,Toby Nankervis,14.7571333333334,14.7571333333334,0
2026,994389,St Kilda,Jack Sinclair,17.887125,17.887125,0
2026,293957,Sydney Swans,Brodie Grundy,18.5287722222222,18.5287722222222,0
2026,1005972,West Coast Eagles,Milan Murdock,15.5616125,15.5616125,0
2026,297373,Western Bulldogs,Marcus Bontempelli,24.5055611111111,24.5055611111111,0
