team,season,salary,playerId,player_name,rating,AA,Games
North Melbourne,2026,NA,1000061,Callum Coleman-Jones,NA,0,0
Adelaide Crows,2026,83794.49343052438,1000068,Chris Burgess,1.1253812756629118,0.02025866071113213,0.23471948092577025
Gold Coast SUNS,2026,780086.5482629731,1000072,John Noble,10.224914036237193,0.24330047814343647,0.6080770853787609
West Coast Eagles,2026,768255.8758936597,1000223,Liam Baker,10.011343592522364,0.19773669076286293,0.43812047316265046
Collingwood,2026,588886.4788352232,1000860,Lachie Schultz,8.214710845602907,0.02902945097139597,0.35254695779571166
Hawthorn,2026,666848.9688725088,1000887,Mitch Lewis,9.5616523292252,0.06489532089911465,0.23726796773932848
Brisbane Lions,2026,439020.28280961834,1000932,Tom Doedee,5.7049650168668276,0.00839869572719265,0.09893821214630771
Geelong Cats,2026,748619.8382565351,1000937,Jack Henry,10.272613904370225,0.1945862845772367,0.6452838530607201
Carlton,2026,802460.2196890191,1000953,Harry McKay,10.90391930722447,0.2798094111282684,0.5641169805661458
St Kilda,2026,626097.5385981521,1000958,Harry Boyd,8.088210967014184,0.01902413716949558,0.20586534606421417
Hawthorn,2026,656557.844970894,1000963,Harry Morrison,8.800819672911055,0.00743728231336682,0.34252790126315846
Port Adelaide,2026,615402.4913619952,1000972,Willem Drew,8.098683608495742,0.03049655997438449,0.4803633088805519
Brisbane Lions,2026,1087290.7978948092,1000978,Hugh McCluggage,13.890529465471754,0.4200035176190525,0.6888408642595616
Hawthorn,2026,686388.4847245775,1000980,Lloyd Meek,9.183057593444255,0.11508060910872364,0.458768414232546
Gold Coast SUNS,2026,709448.3975067397,1000981,Daniel Rioli,9.288749426415952,0.04408994849933145,0.2986826346710296
Adelaide Crows,2026,257886.62569726567,1000998,Lachlan Murphy,3.4256481886048595,0,0.10166249334316324
North Melbourne,2026,772547.6497036796,1001017,Nick Larkey,10.40746554990886,0.08707990400159382,0.4845384848446056
Hawthorn,2026,181096.4502423058,1001024,Ned Reeves,2.464532702617828,0.00384095232832648,0.23200585851326783
Essendon,2026,658458.3500299397,1001026,Jordan Ridley,9.071424779841289,0.17815547640406648,0.4755723438977608
Carlton,2026,765271.0768454653,1001028,Jack Silvagni,10.451804676181515,0.09909244519559512,0.43608960035161615
Adelaide Crows,2026,945655.199759114,1001195,Izak Rankine,12.838099247897247,0.38796929784808554,0.8727170091999428
Port Adelaide,2026,703689.110688122,1001299,Connor Rozee,9.507590601075966,0.4456549350136365,0.7346558402363121
Adelaide Crows,2026,666359.1841649407,1001396,Isaac Cumming,8.91063781327725,0,0.312668953167591
Western Bulldogs,2026,789556.261020315,1001398,Matthew Kennedy,10.1806772158646,0.20375498111921853,0.7162984330077675
Melbourne,2026,778357.0830862343,1001438,Bayley Fritsch,10.148355246818063,0.0283597484594591,0.1247171106763233
North Melbourne,2026,549180.1807804634,1002138,Toby Pink,7.802672510228527,0.05470828623678825,0.3928989153653838
Essendon,2026,663013.8113716316,1002143,Ben McKay,9.20434509055252,0.1291876823304704,0.3452270833657948
Port Adelaide,2026,765518.3751207733,1002220,Esava Ratugolea,10.144372518572595,0.10572819201329851,0.5004282397494465
Hawthorn,2026,663054.1497933399,1002222,James Worpel,8.621179069142501,0.04442854663021156,0.6697170007816876
St Kilda,2026,676473.4860117666,1002227,Jack Higgins,8.400010236439895,0.02907165616829943,0.3470710269943992
Fremantle,2026,960588.2009971552,1002232,Andrew Brayshaw,12.684849636953285,0.3836570749994207,0.8066624754880717
Brisbane Lions,2026,697943.2363348472,1002235,Cam Rayner,9.474583318219056,0.20641665515494223,0.6849620585948563
Carlton,2026,806380.6932160079,1002239,Adam Cerra,10.570815437370053,0.2821149341756686,0.7415178573601007
Richmond,2026,655863.9667846872,1002245,Noah Balta,8.991562818440103,0.1927198447449052,0.49603065798874135
GWS GIANTS,2026,572876.916437308,1002251,Brent Daniels,8.126336753292879,0,0.19644223430777996
Port Adelaide,2026,546595.8623067645,1002253,Kane Farrell,7.125407602252781,0.19255488123793485,0.605200219093923
St Kilda,2026,595759.4380509091,1002256,Paddy Dow,NA,0,0.07992604899127498
St Kilda,2026,438415.30586068064,1002264,Hunter Clark,6.301372376804528,0.03908692059057395,0.2606056947135379
North Melbourne,2026,849363.6618920851,1002267,Luke Davies-Uniacke,11.467143441744994,0.2932865742994928,0.8238031400236352
Melbourne,2026,486585.9649728436,1002282,Charlie Spargo,6.7531608279383235,0,0.17064492034112233
Brisbane Lions,2026,946463.352506796,1002312,Zac Bailey,12.701000005993489,0.3527528057405698,0.7441584845663405
Brisbane Lions,2026,746559.7918230451,1002347,Jack Payne,9.957093107352485,0.0991411220070133,0.4898246198826295
Brisbane Lions,2026,486180.4825220796,1002401,Brandon Starcevich,6.597129219975454,0.0791192423095548,0.2945285473944983
Richmond,2026,732681.5629286303,1002403,Ben Miller,9.838674370498822,0.3611739952014815,0.6145536426555942
Western Bulldogs,2026,831913.896252824,1002404,Aaron Naughton,11.166005638316305,0.5450046345487269,0.8323722107903355
Carlton,2026,365268.3410636982,1002795,Jordan Boyd,4.948135359764067,0,0.22057552324062868
North Melbourne,2026,813849.6722256835,1002947,Paul Curtis,10.697033636752495,0.3518618047570945,0.8435186504644209
Collingwood,2026,754072.1261021155,1003130,Patrick Lipinski,10.270891917337853,0.04416449142162426,0.28094463998359753
Sydney Swans,2026,595077.3968187489,1003203,Hayden McLean,8.744687310383913,0.06920235671427333,0.30495392096042906
Brisbane Lions,2026,NA,1003520,Darragh Joyce,NA,0,0
Port Adelaide,2026,658611.5800397588,1004034,Brandon Zerk-Thatcher,9.19435106581491,0.02288994339283145,0.3724411949701596
Port Adelaide,2026,646102.0577283753,1004095,Jack Lukosius,9.849878103356476,0.09118996233641674,0.163858330141731
West Coast Eagles,2026,667172.7228256281,1004364,Liam Ryan,8.53180927389619,0.01140515056204249,0.25041399078405036
West Coast Eagles,2026,602407.3249617476,1004385,Oscar Allen,8.383207786753884,0.05335150380976028,0.1802874018995456
GWS GIANTS,2026,530607.8735601931,1004530,Jacob Wehr,6.938951018758346,0,0.2844720922116939
Western Bulldogs,2026,841913.1475600724,1004592,Tim English,11.140540655071636,0.2594990617468481,0.4347590140350013
Collingwood,2026,635571.8931929466,1004757,Beau McCreery,8.824515017509816,0,0.26058731194121276
Port Adelaide,2026,512485.70625668304,1004819,Jed McEntee,7.611543865608761,0,0.15920253207270396
North Melbourne,2026,497616.62933984504,1004848,Dylan Stephens,6.759090766545922,0.00453070456083426,0.3839260902091038
Geelong Cats,2026,729120.8381958822,1004870,Zach Guthrie,9.90771349157929,0.21392916986408517,0.4276521861465371
Carlton,2026,NA,1004912,Tom De Koning,NA,NA,NA
Geelong Cats,2026,978099.8803231056,1004938,Gryan Miers,13.378176956589645,0.07560113983847894,0.3861665445901524
North Melbourne,2026,770293.1719532,1004965,Tristan Xerri,10.51118002177141,0.15454494972813426,0.5785236823197194
Sydney Swans,2026,336461.21305890346,1004985,Ben Paton,4.7634072909936584,0.00935713414814276,0.10530451118933536
Adelaide Crows,2026,491595.8084970365,1004995,Jordon Butts,7.1635378235869815,0.0807668356582274,0.46658873624259944
Port Adelaide,2026,NA,1004998,Todd Marshall,NA,0,0
Western Bulldogs,2026,471751.7540976426,1005000,Laitham Vandermeer,6.969160656694823,0,0.11055837770173982
Brisbane Lions,2026,597713.6784449461,1005053,Noah Answerth,8.349170794732755,0.12899990405071038,0.33777232271339763
Collingwood,2026,770588.414563994,1005054,Josh Daicos,10.354322360983296,0.3233783627344964,0.5560942407060492
Hawthorn,2026,698837.2598563215,1005144,Massimo D'Ambrosio,9.83963560886301,0.03141300757862408,0.5509864877465949
GWS GIANTS,2026,850389.6437220273,1005247,Sam Taylor,11.246977926025243,0.4008002851784741,0.7346955584832117
Port Adelaide,2026,485564.4972254997,1005326,Jackson Mead,6.727911854864347,0.00243198387155485,0.25325972617296066
Melbourne,2026,641037.5787067139,1005330,Kade Chandler,8.641361904456518,0,0.27015514604283697
Brisbane Lions,2026,411814.20971884846,1005521,Oscar McInerney,5.842734915659782,0.00603288065627727,0.2073708730440239
Essendon,2026,1054374.891049858,1005577,Sam Draper,14.72120176370803,0.4211063940968849,0.6852972136632567
Western Bulldogs,2026,565761.5656829483,1005717,Nick Coffield,7.910338871645588,0.06172962642592494,0.3615139220356617
Gold Coast SUNS,2026,393212.13082820293,1005986,Malcolm Rosas,6.154327830672277,0.0155894821033431,0.25278850207055326
St Kilda,2026,468278.7385192983,1005988,Liam Henry,6.575877392818638,0.1110025220436136,0.38796892390482407
Gold Coast SUNS,2026,750139.4108757385,1005992,Joel Jeffrey,10.25255517972032,0.194251302147026,0.7721530031441333
Adelaide Crows,2026,656833.3019911561,1006013,James Peatling,8.937526883179357,0.13158322698917646,0.6315792415198869
Sydney Swans,2026,987891.107259208,1006028,Nick Blakey,13.329581409370196,0.345563796373629,0.6810883167090671
Richmond,2026,375801.05877660005,1006030,Jacob Koschitzke,5.396048163325834,0.0318792592185313,0.4701500187575016
North Melbourne,2026,355374.2647029666,1006058,Bailey Scott,4.783524822591407,0,0.22007607373362648
Brisbane Lions,2026,648472.0590805672,1006059,Keidean Coleman,8.913591157287,0.2271309731815768,0.6506023441057964
Gold Coast SUNS,2026,NA,1006087,Caleb Graham,NA,0,0
Carlton,2026,793118.746930465,1006094,Sam Walsh,10.430223020390796,0.31876070872770734,0.7761183829461269
Essendon,2026,718016.7480585793,1006096,Xavier Duursma,9.87484765191726,0.03673707227922351,0.5352671642713058
Essendon,2026,926349.0939627128,1006103,Jye Caldwell,12.235927877508024,0.2801845179731639,0.7706648339178483
Port Adelaide,2026,1054176.7410598984,1006121,Zak Butters,14.010899590120722,0.63839861599334,0.9504076767422234
Sydney Swans,2026,610765.5911888102,1006126,James Rowbottom,8.221587738473325,0.10553605864948724,0.6460472723298578
Western Bulldogs,2026,801518.1674222343,1006127,Rhylee West,11.037422441723365,0.3929164116511336,0.7856591592643053
Geelong Cats,2026,813363.6202483348,1006130,Bailey Smith,10.57100355716975,0.6510971995588106,0.9409672182631904
Richmond,2026,597669.8240988171,1006133,Jack Ross,8.260051299739226,0.07098659915982375,0.6086008526175619
GWS GIANTS,2026,564973.3019062716,1006135,Xavier O'Halloran,7.97854658026427,0.06536762873628987,0.4374132559195235
Adelaide Crows,2026,572157.6208475141,1006136,Lachlan Sholl,7.905607112535906,0,0.2533534719006397
St Kilda,2026,460389.80245090905,1006143,Max King,6.796666666666667,0.02250442185522172,0.04268572084334532
Gold Coast SUNS,2026,753699.8380275139,1006144,Ben King,10.6336445314029,0.4332664583349167,0.7788210976026716
Collingwood,2026,628869.9835200595,1006148,Bobby Hill,8.69266228608673,0.11208268636946817,0.4306035666863117
Fremantle,2026,802444.1757070366,1006152,Jordan Clark,11.049668009627574,0.4031401229891846,0.8063476175065881
Adelaide Crows,2026,290050.45306685055,1006203,Chayce Jones,4.061762821598167,0,0.12946949738183455
Sydney Swans,2026,418359.5534317522,1006232,Sam Wicks,6.1773797208242005,0.06705947790787503,0.3447860915101746
Hawthorn,2026,707043.0333857011,1006314,Dylan Moore,9.48329229746552,0.08858368487266377,0.4985724477632777
Western Bulldogs,2026,420118.6238046413,1006533,Riley Garcia,5.905193040877593,0.08837032148768198,0.4254942264259281
West Coast Eagles,2026,611875.6531838712,1006550,Jack Petruccelle,8.807511051237611,0,0.06400979311532795
Melbourne,2026,319917.9279587833,1007099,Harry Sharp,4.838277153955578,0.06959902186172762,0.2807518578911521
Geelong Cats,2026,530548.3746964053,1007102,Mark O'Connor,7.160269741379101,0.01658425497860149,0.07666274414640895
Hawthorn,2026,567111.3201430625,1007124,Conor Nash,7.480582077867015,0.02507923554685931,0.5797844487399484
North Melbourne,2026,466048.0920336604,1007591,Brynn Teakle,6.0678201790942,0.07107264906928301,0.5165848581390264
Gold Coast SUNS,2026,713473.8922175162,1007881,Wil Powell,9.47378804769756,0.13208140640580213,0.5096566302845799
GWS GIANTS,2026,686000.4545110298,1008083,Connor Idun,9.440871704736836,0.26448398502910386,0.7680345024307091
Collingwood,2026,697483.1964133962,1008089,Isaac Quaynor,9.492637094352096,0.25224531348724577,0.5506097624967832
Sydney Swans,2026,466869.29262458783,1008091,Joel Amartey,6.547121900761974,0.13023281214942906,0.5378612580560886
GWS GIANTS,2026,597037.4612741783,1008123,Jake Riccardi,8.512491718334871,0.04619026185975639,0.5487664231448479
GWS GIANTS,2026,585970.200968203,1008139,Toby Bedford,8.31419528631115,0.04117366359248065,0.37593063991862263
Melbourne,2026,362765.8635272719,1008183,Jack Henderson,5.129240710367139,0,0.0660436608685041
Sydney Swans,2026,817768.6066588643,1008198,Tom McCartin,10.816736979754925,0.3280266780743356,0.665649516001394
Sydney Swans,2026,641884.617905921,1008224,Riley Bice,9.226553554693302,0.150850333348733,0.42568083857783
Adelaide Crows,2026,496825.3341277764,1008230,Nick Murray,6.96800140564706,0.14856648717886745,0.4459068415331079
Port Adelaide,2026,581751.9683387066,1008239,Joe Richards,7.568263521190396,0,0.3140325475561637
Western Bulldogs,2026,1016597.6342661666,1008280,Ed Richards,13.519224468121058,0.6410416518277229,0.8380067665329137
St Kilda,2026,586116.53178599,1008312,Liam Stocker,7.965547844294327,0.0907220774212445,0.3657444623946816
Adelaide Crows,2026,1011035.8582483298,1008384,Riley Thilthorpe,13.842143356499832,0.5903190644642942,0.9530885804041288
GWS GIANTS,2026,466471.1700207691,1008436,Kieren Briggs,6.125087999112221,0.0817283286013134,0.5130203040296365
Gold Coast SUNS,2026,560485.7054326779,1008454,Connor Budarick,7.8485563832893055,0.06449175881945979,0.41545631989157616
Richmond,2026,679587.280212114,1008478,Rhyan Mansell,9.662283943012651,0,0.3481938836316233
Carlton,2026,442236.64933513687,1008510,Corey Durdin,6.691784735946004,0.09048682853091494,0.5131120028138954
Melbourne,2026,895654.0187835265,1008541,Kysaiah Pickett,12.13049134028007,0.4859932239854723,0.8962165402968482
Adelaide Crows,2026,233655.5506642144,1008543,Harry Schoenberg,3.750112816288751,0,0.20343445530254056
Hawthorn,2026,1059160.1008916304,1008550,Will Day,14.45784672948679,0.5569383617349115,0.9804803421041156
Port Adelaide,2026,460645.43094494584,1008649,Mani Liddy,6.389640341035949,0.01402509015264452,0.4177530002846157
GWS GIANTS,2026,666844.0560398243,1008691,Leek Aleer,9.391319583035784,0.2031776707117736,0.5735451934005127
Richmond,2026,708437.719448039,1008747,Mykelti Lefau,7.194865770062158,0,0.04778703681395757
Adelaide Crows,2026,NA,1008752,Kieran Strachan,NA,0,0
Brisbane Lions,2026,189586.80456196843,1008805,Luke Beecken,2.0733476629265213,0,0.02159224727680264
Western Bulldogs,2026,631939.5295232895,1008855,Oskar Baker,8.505157440522204,0.00127232713515745,0.3480350019514833
Gold Coast SUNS,2026,334300.2068969531,1008882,Charlie Ballard,4.821556481834247,0.08837475421376628,0.4453928745003931
Melbourne,2026,733545.8564982318,1008893,Harrison Petty,10.73483600760839,0.03075320483960875,0.2921963804046628
Western Bulldogs,2026,541879.7603487438,1009015,Lachlan McNeil,7.905668728269952,0.01844442485159925,0.27282206042219603
Adelaide Crows,2026,304088.8138761325,1009029,James Borlase,4.620137604368619,0.13963093181838027,0.43711306749184264
Port Adelaide,2026,691609.726204144,1009191,Miles Bergman,9.467527636588253,0.30725439321334347,0.7949985036404452
Port Adelaide,2026,345203.3458561821,1009195,Dylan Williams,4.886900710774786,0.0183758371373085,0.1364488430412676
Collingwood,2026,473046.63279319264,1009197,Charlie Dean,7.052033050067609,0.07361393561018792,0.3361191777724958
Gold Coast SUNS,2026,1051099.356966074,1009199,Noah Anderson,13.650653220785705,0.5992878953530001,0.9264640942648577
Gold Coast SUNS,2026,1021220.1136288418,1009208,Matt Rowell,13.644180262067865,0.5999078101431732,0.963429240619868
Richmond,2026,622215.1207443478,1009226,Thomson Dow,8.491963974456874,0.05860351055506463,0.5158438234781628
Geelong Cats,2026,NA,1009229,Sam De Koning,NA,NA,NA
Carlton,2026,495327.5377135574,1009241,Brodie Kemp,7.1812289011593204,0.02317707978516081,0.461950250911766
GWS GIANTS,2026,734259.0347886331,1009253,Lachie Ash,9.90836524030957,0.33693606581401514,0.9069329361483648
Fremantle,2026,702874.1106845302,1009256,Hayden Young,9.55845135786783,0.07024190943685904,0.540552934059577
Gold Coast SUNS,2026,617828.6126874335,1009260,Sam Flanders,8.588479189732162,0.00188584395028346,0.3727365334926606
Western Bulldogs,2026,442910.50884705887,1009301,Jamarra Ugle-Hagan,6.546250000000001,0.03220011708253711,0.1924872471682525
Brisbane Lions,2026,533989.738428374,1009317,Bruce Reville,7.171933397787184,0,0.1888381090515998
Melbourne,2026,754120.1845694022,1009378,Trent Rivers,10.218086207743852,0.25571589649605486,0.7199393436876791
Fremantle,2026,554254.3237794808,1009380,Jeremy Sharp,7.583129890444474,0,0.17193146755334876
Brisbane Lions,2026,-117468.7137835539,1009385,Deven Robertson,-1.8046160491714176,0.03037595474766941,0.17909305171423873
Essendon,2026,681233.3801886003,1009386,Jaxon Prior,8.810306318780858,0.09269753862889496,0.6769849432171037
Sydney Swans,2026,603617.2992549905,1009392,Jack Buller,8.676781917051612,0.02461226665691673,0.26606435303389686
Fremantle,2026,811145.0951945299,1009399,Luke Jackson,11.066671691703707,0.45368259030790214,0.8855754252876877
Fremantle,2026,531593.0169836798,1009410,Brandon Walker,7.461724810051518,0.06431270045815274,0.586563869952881
Fremantle,2026,778313.608135299,1009420,Caleb Serong,10.501128253532906,0.5127124253602127,0.91555511899986
Hawthorn,2026,416174.542723555,1009421,Finn Maginness,5.9905692834442625,0.0160755357525818,0.23616473114311276
GWS GIANTS,2026,1086544.7763763925,1009528,Tom Green,14.553128733383506,0.6589169402115065,0.9393219010130572
Richmond,2026,502511.5309384032,1009551,Maurice Rioli,6.864318358493629,0.10809228219933877,0.5316251850418785
GWS GIANTS,2026,778676.877410575,1009708,Jack Buckley,10.43512891506016,0.04778058662212281,0.42622546528072
Port Adelaide,2026,811810.3153988841,1010174,Mitch Georgiades,11.31900533145473,0.7079818568804463,0.9376699969804442
Hawthorn,2026,305463.33962154575,1010708,Sam Butler,4.310747371785901,0.03151306681916843,0.5112873003130569
West Coast Eagles,2026,NA,1011243,Callum Jamieson,NA,0,0
West Coast Eagles,2026,694697.7420592504,1011437,Harry Edwards,9.576027087766464,0.19341621215815671,0.5692668393963866
Fremantle,2026,471904.46226755634,1011558,Isaiah Dudley,7.078007953999492,0.05833899858459623,0.429159888882935
Port Adelaide,2026,726127.3795223642,1011583,Lachie Jones,10.24170447671137,0.17002072918341604,0.5583332813691164
Western Bulldogs,2026,372327.5040230036,1011589,Caleb Poulter,5.442321751496526,0.0786735099692516,0.436786850558461
Port Adelaide,2026,892692.0839483545,1011640,Jason Horne-Francis,12.28951103510644,0.6801197135522012,0.9960587542551124
North Melbourne,2026,645527.9541794999,1011659,Tom Powell,8.651727350911273,0.3335007496429061,0.8402848015733794
Essendon,2026,545600.7976289397,1011755,Harrison Jones,7.4083780653614175,0.03071273029892507,0.36222731948418285
Western Bulldogs,2026,476110.8625066666,1011803,Cody Weightman,6.586470588235294,0,0.13734913306440655
Hawthorn,2026,NA,1011839,James Blanck,NA,0,0
Sydney Swans,2026,823975.5698412928,1011936,Justin McInerney,11.218546754634984,0.1404731053199948,0.8288421613912405
Gold Coast SUNS,2026,295098.01706233976,1011950,Ben Jepson,4.188589363471413,0,0.3150241154394231
Essendon,2026,635968.4057879508,1011954,Nick Bryan,9.312513912211864,0.09136048036037968,0.6257624805709978
Adelaide Crows,2026,776550.2738264602,1011981,Josh Worrell,10.736508953974605,0.3588257178399584,0.8608059877712196
Richmond,2026,688735.5795071397,1011985,Hugo Ralphsmith,9.637786051510684,0.02175761246917551,0.42935813788043
St Kilda,2026,584955.8070798042,1011994,Ryan Byrnes,8.66292823606602,0.02960606875145766,0.3989551173916122
Essendon,2026,951967.9631910163,1012013,Nic Martin,12.865015893839557,0.18740642007997876,0.8145293558649449
Sydney Swans,2026,NA,1012014,Chad Warner,NA,NA,NA
Brisbane Lions,2026,NA,1012127,Brandon Ryan,NA,0,0
North Melbourne,2026,221976.3364738674,1012144,Kallan Dawson,3.000266222766367,0.05689489215762922,0.3264778667230904
Sydney Swans,2026,691637.7912363603,1012210,Matt Roberts,9.626527483300553,0.3737223345978189,0.9201990398506168
Adelaide Crows,2026,724415.1957922882,1012218,Luke Pedlar,10.930742984373529,0.1062017490767625,0.5862171710283667
Richmond,2026,470528.7497410312,1012386,Samson Ryan,6.8385202412568304,0.01496185453002318,0.1678690392315667
Geelong Cats,2026,574040.42772,1012805,Tanner Bruhn,8.559166666666666,0,0.31866060302325516
Adelaide Crows,2026,515003.83609383134,1012807,Sam Berry,6.925293376432076,0.01160318088560841,0.5441910296691093
Essendon,2026,711291.6774474699,1012817,Zach Reid,9.789212073039216,0.462383654412968,0.7003543169892044
Fremantle,2026,895633.7754007188,1012819,Josh Treacy,12.464426928239904,0.246745824273241,0.8239067860150044
Melbourne,2026,786251.8113782685,1012825,Jake Bowey,10.679027379125564,0.1913628364405701,0.7792629006187646
Melbourne,2026,NA,1012826,Bailey Laurie,NA,0,0
Collingwood,2026,581002.0546540155,1012828,Finlay Macrae,7.21492549923296,0,0.1024927772636982
North Melbourne,2026,452449.10344638856,1012829,Will Phillips,5.908276071559825,0.01901085686577131,0.5353450436043501
North Melbourne,2026,475988.90788,1012833,Eddie Ford,6.214545454545455,0.01470588235294112,0.02963458110516925
Essendon,2026,617682.7484735325,1012842,Liam McMahon,8.684649166795872,0.07186892564231828,0.33497209069013256
Hawthorn,2026,788145.0836260766,1012857,Jack Ginnivan,10.906264086620295,0.14926573856218506,0.6718523159420369
Geelong Cats,2026,474947.0399888103,1012860,Oliver Henry,6.782049422245805,0.0093051899379003,0.389539235214119
Carlton,2026,411742.5141880108,1012862,Elijah Hollands,6.0991064484836714,0.0623512979919788,0.4286747417106098
Collingwood,2026,483988.393307754,1012873,Wil Parker,6.645240781199995,0.0226213552206409,0.3786472265802248
Port Adelaide,2026,423473.0523531637,1012881,Ollie Lord,6.208209070975932,0.00208638557846829,0.25470138552804
Sydney Swans,2026,1076242.3934988454,1013128,Errol Gulden,14.634167561323547,0.20891827321037493,0.838013774072085
Sydney Swans,2026,585991.0916795417,1013133,Braeden Campbell,8.346448699955712,0,0.3417176977666899
Melbourne,2026,NA,1013165,Andy Moniz-Wakefield,NA,0,0.03921568627450977
Richmond,2026,629002.2228314001,1013197,Sam Banks,8.573778502436124,0.07780117502262351,0.6771173798162818
Essendon,2026,366357.3402465304,1013201,Jye Menzie,5.738177737862293,0.03197356525666051,0.3885294557187806
Fremantle,2026,538755.3726530676,1013220,Nathan O'Driscoll,7.591280781908696,0.0586501499676132,0.5664999278085353
Fremantle,2026,583656.7088191764,1013224,Heath Chapman,8.094217211579725,0.2417806269116345,0.5693386042831214
Richmond,2026,719598.0561861368,1013229,Jacob Blight,9.999693708111328,0.23053928899589837,0.7322195483235074
Sydney Swans,2026,442910.50884705887,1013230,Logan McDonald,6.546250000000001,0.03220011708253711,0.1924872471682525
St Kilda,2026,402811.9069384802,1013233,Jack Carroll,5.859092950303468,0,0.4461847682528496
Gold Coast SUNS,2026,670211.551280875,1013257,Sam Clohesy,9.541848880993872,0.0557103843530804,0.5686308835208118
Gold Coast SUNS,2026,631717.8899782995,1013268,Alex Davies,8.42728566743827,0.05047009296919547,0.6065106198107943
Collingwood,2026,411356.0980399162,1013278,Reef McInnes,5.863795032086318,0.10080130752712411,0.4441147100817312
West Coast Eagles,2026,700412.9202316173,1013315,Sandy Brock,10.153955393084209,0.18613630841064024,0.6428187710323241
Sydney Swans,2026,578242.57550951,1013409,James Jordon,8.175628621287219,0.02987537561041409,0.3997518285927554
Port Adelaide,2026,655233.826079953,1013462,Jase Burgoyne,9.23749618882598,0.10685341792551516,0.6625523522193446
Geelong Cats,2026,659911.4038022398,1013464,Lawson Humphries,9.5065144598381,0.313741870071812,0.8028257377565808
West Coast Eagles,2026,613750.541823216,1013511,Tyler Brockman,9.034127086604068,0.02880546227852376,0.3496838998136663
Melbourne,2026,431430.74884572334,1013532,Tom Fullarton,6.279815922751072,1.1153326984447708e-4,0.07700790090930687
Fremantle,2026,476110.8625066666,1013611,Sam Sturt,6.586470588235294,0,0.13734913306440655
Adelaide Crows,2026,867887.3951886734,1013974,Mark Keane,11.60826762415868,0.4612986729720119,0.723731740175604
Western Bulldogs,2026,820888.8688386232,1013996,Jordan Croft,11.765034124235529,0.4548151989836068,0.9873804016024978
Port Adelaide,2026,453527.002079416,1014013,Lachlan Charleson,6.118194444444441,0,0.20334699995655692
Brisbane Lions,2026,549566.3912718917,1014026,Kai Lohmann,7.760151332830045,0.10667064515774528,0.8934404888929418
GWS GIANTS,2026,670102.3822705477,1014038,Callum Brown,9.253172487277736,0.08130540314180579,0.46960952324863714
St Kilda,2026,547165.4527079469,1015323,Isaac Keeler,7.712289279716669,0.11722860066230922,0.8325444345094615
Adelaide Crows,2026,892397.9074817415,1015329,Billy Dowling,12.864334830190526,0.32469621305370944,0.8221261572165262
Port Adelaide,2026,497496.91641751217,1015330,Hugh Jackson,7.696414020977212,0.0550085796141998,0.4847587225736293
Collingwood,2026,452401.0422581132,1015332,Harvey Harrison,NA,0,0.06497175141242939
Adelaide Crows,2026,590039.3804327584,1015370,Max Michalanney,8.394110490986174,0.09383960627520428,0.8234665499726158
Melbourne,2026,477425.3070547296,1015473,Will Verrall,7.1860420456448075,0.01515983404167331,0.4599576950109052
St Kilda,2026,1077950.513764878,1015507,Nasiah Wanganeen-Milera,14.812762285501972,0.3463176771093077,0.9108678408289118
Gold Coast SUNS,2026,430829.50597394543,1015515,Oscar Adams,5.834154921215897,0.10593449623819806,0.5794578651996285
GWS GIANTS,2026,685812.0136963484,1015777,Ryan Angwin,9.493177125215464,0.04241247942904658,0.5591680979421741
North Melbourne,2026,722487.6995590857,1015781,Charlie Comben,9.98063596079996,0.24434724707211308,0.7040179471243092
Essendon,2026,846888.8294856203,1015810,Sam Durham,11.791543154527243,0.4569360824664184,0.8953356153850882
Essendon,2026,NA,1015827,Nik Cox,NA,0,0
GWS GIANTS,2026,487490.818607552,1015862,Conor Stone,6.98023325407055,0.0077153082816872,0.2742513292420158
Essendon,2026,688081.1371567632,1015873,Archie Perkins,10.239052875968456,0.1343189196326301,0.6006246201756912
St Kilda,2026,411943.59553789167,1015886,Max Heath,6.105677188533198,0.04949099547117708,0.29253317762775866
Geelong Cats,2026,974658.691424204,1015889,Max Holmes,13.10578798313231,0.6153961828113083,0.9700610910962
Essendon,2026,442132.4093522188,1015919,Saad El-Hawli,5.8309721499528155,0,0.1929165237159166
Western Bulldogs,2026,658199.506213565,1015929,Luke Cleary,9.273683078839806,0.1299326283545279,0.3560812107356701
GWS GIANTS,2026,460110.415488,1016140,Wade Derksen,NA,0,0.05172413793103447
Brisbane Lions,2026,751278.8209547146,1016189,Henry Smith,11.15056188793439,0.01536802810284876,0.18619683356705552
Carlton,2026,278595.8470684167,1016268,Alex Cincotta,3.657203825591769,0,0.20708766086084684
Geelong Cats,2026,667223.3681280647,1016433,Shannon Neale,9.14797977027116,0.16903980290861131,0.7453951350308389
Richmond,2026,452322.3636424095,1017043,Judson Clarke,NA,0,0.0348128807658834
Adelaide Crows,2026,835325.0956319784,1017051,Josh Rachele,11.187118560946754,0.3516677945059009,0.768561666891552
West Coast Eagles,2026,870993.5809892721,1017057,Campbell Chesser,12.386417387293164,0.2733314587496135,0.8413124396216349
Richmond,2026,516299.3638882248,1017059,Josh Gibcus,7.5320146663555265,0.15689547349803368,0.4999952999262261
Geelong Cats,2026,449052.5467855905,1017063,Toby Conway,6.710972315875685,0.07358666245235768,0.2705818116187457
Adelaide Crows,2026,559506.9060890124,1017065,Zac Taylor,8.066359765544075,0.14708461352491797,0.5122234020176113
Brisbane Lions,2026,823426.9962212718,1017067,Darcy Wilmot,11.517268536830835,0.28109990230713333,0.9240166104765882
St Kilda,2026,615807.301311997,1017077,Angus McLennan,9.3950532828506,0.02628421011153892,0.7145378140456177
Port Adelaide,2026,428399.09941586206,1017078,Josh Sinn,5.780201684166822,0.05379933961703154,0.3653055027606126
Richmond,2026,730119.1850290011,1017086,Tom Brown,10.405194920137456,0.17651688731790938,0.8423793661109277
Western Bulldogs,2026,370751.398527419,1017087,Harvey Gallagher,6.171802147914845,0.04500652502898616,0.5151217905871655
Essendon,2026,444058.81747442647,1017088,Ben Hobbs,6.626263780947089,0.1197855223567772,0.8211043326800609
Hawthorn,2026,429517.4716843507,1017091,Jai Serong,6.31201752564732,0,0.10844998325015232
Hawthorn,2026,654663.9705256756,1017094,Connor Macdonald,9.300393552787677,0.04408199456366368,0.6454371783901566
North Melbourne,2026,480954.2033942857,1017095,Miller Bergman,6.321428571428571,0,0.06258672890560335
Adelaide Crows,2026,730093.4707698667,1017109,Jake Soligo,9.87707024574758,0.2639985424651754,0.8853544576757039
Hawthorn,2026,739417.7586659403,1017110,Josh Ward,10.411898330180293,0.3854916312477964,0.9736261542280168
Richmond,2026,472562.32005632465,1017114,Tyler Sonsie,6.684151313921782,0.07428176348875692,0.6617123655294559
North Melbourne,2026,472055.49202213535,1017118,Josh Goater,6.149837771680609,0,0.15876842828061954
Melbourne,2026,466048.17800737213,1017122,Blake Howes,6.615805756515192,0.05413084072705665,0.610128481719199
Collingwood,2026,605897.6113196366,1017124,Ned Long,8.027923721178405,0.25984746157653726,0.843954527078602
Western Bulldogs,2026,1209622.5019285935,1017126,Sam Darcy,16.64658281730961,0.6518829027554032,0.9894245651384252
Port Adelaide,2026,422005.4227765776,1017128,Dante Visentini,6.834253046209568,0.10680028975611168,0.6475692756175486
Carlton,2026,758146.631885636,1017255,Francis Evans,10.241458807119566,0.02436228118402428,0.5246525038518789
Gold Coast SUNS,2026,780416.2020632434,1017396,Mac Andrew,11.019586400464814,0.29260340785240835,0.6929752310882935
Gold Coast SUNS,2026,447481.8077835352,1017493,Caleb Lewis,6.146117466999209,0.1527418139741753,0.5161672212297143
Gold Coast SUNS,2026,692184.8396193018,1017665,Bodhi Uwland,9.496666173516614,0.20053441987344833,0.7880360411322992
Carlton,2026,493441.02656884486,1017700,Jesse Motlop,7.21719475363459,0.06035219379171253,0.7995806193474067
Melbourne,2026,518278.25382810016,1017703,Judd McVee,7.332919448061677,0.0661161426144945,0.6688577425741971
West Coast Eagles,2026,461945.8471080588,1017718,Rhett Bazzo,6.170040919870832,0.13939307625005337,0.8072530117390276
Melbourne,2026,NA,1017720,Jacob van Rooyen,NA,NA,NA
GWS GIANTS,2026,445582.4330483848,1017751,Josh Fahey,5.895035567223758,0,0.13755427745532012
Fremantle,2026,620218.2784300492,1017754,Patrick Voss,8.860919267249404,0.22507819078552505,0.7917415717773821
Western Bulldogs,2026,785275.2696484335,1017939,Ryley Sanders,11.527997774247446,0.29613768101315985,0.9786841704073596
St Kilda,2026,363272.5170027841,1017959,Lance Collard,5.0422647810654,0.003734528681547,0.47276637903010743
Hawthorn,2026,458733.12040043017,1018016,Seamus Mitchell,6.425928396609957,0.06365678560786847,0.5704264652620279
St Kilda,2026,817606.8774206274,1018018,Cooper Sharman,11.497643084189493,0.06186421875478831,0.6051869321392049
Hawthorn,2026,441752.14569950826,1018122,Jasper Scaife,6.315866141732282,0.2133070690862804,0.5918403554663618
Gold Coast SUNS,2026,561695.9048199934,1018123,Jake Rogers,7.663051416894465,0.0920380879795012,0.6795163315611243
Adelaide Crows,2026,417666.65401370573,1018335,Brayden Cook,6.0244631136404,0.05727019353555396,0.434054828876677
Sydney Swans,2026,NA,1018424,Corey Warner,NA,NA,NA
Melbourne,2026,616143.0364859432,1018425,Taj Woewodin,8.768874421117792,5.00048545608478e-4,0.2634471578085059
Richmond,2026,674537.9037485999,1018433,Tylar Young,9.209689880122877,0.5125485361591153,0.7572442064376327
Essendon,2026,353303.48956204054,1018987,Jayden Nguyen,5.494623854024871,0.05984630400627866,0.7115849114205615
West Coast Eagles,2026,325939.9239983645,1018992,Lucca Grego,4.799098689889095,0.22287794609833023,0.9046438892515852
GWS GIANTS,2026,696803.3265123296,1019038,Aaron Cadman,9.775261802536413,0.44825864036139607,0.9531552189988606
Richmond,2026,574930.0435200273,1019916,Kane McAuliffe,8.051348588091292,0.24461675646040293,0.9740944852439531
Port Adelaide,2026,630090.4490070479,1019938,Logan Evans,9.038746731171074,0.06104897836521206,0.6474076346691795
Fremantle,2026,449500.8412214379,1019975,Jack Delean,5.815515151515153,0,0.2606096806415371
West Coast Eagles,2026,417893.5749347368,1020032,Loch Rawlinson,6.316206896551724,0.08805104074008174,0.5603085543844311
West Coast Eagles,2026,449052.5467855904,1020057,Harry Barnett,6.7071291383391145,0.0731620169273719,0.26917214058381245
Carlton,2026,380966.51006808144,1020072,Harry Lemmey,5.837349970639437,0,0.14070499713509477
Carlton,2026,416713.12599697977,1020097,Ashton Moir,6.160082150304821,0.03533431848918511,0.6333663883050024
Collingwood,2026,440487.0449528573,1020104,Jakob Ryan,5.3527868852459015,0,0.29277940123986923
St Kilda,2026,422227.8839731295,1020137,Mattaes Phillipou,5.794062194737119,0.02789538976552907,0.6755619882641625
Fremantle,2026,590414.5111669257,1020250,Neil Erasmus,8.57992681787206,0.10050180327535574,0.8440862553390258
Sydney Swans,2026,625118.6271981945,1020339,Angus Sheldrick,9.1298768204953,0.10506507786678788,0.8373942997790271
West Coast Eagles,2026,525742.2049613824,1020371,Jack Williams,7.4213475571676675,0.12659350538083247,0.7922914715868365
Western Bulldogs,2026,559208.9166098249,1020586,Arthur Jones,7.822970789753671,0.06115882795649485,0.4843067175484396
Fremantle,2026,508111.88815452746,1020594,Jye Amiss,7.269963352423829,0.07032368081378526,0.7432314752308495
Western Bulldogs,2026,NA,1020621,Michael Sellwood,NA,0,0.03921568627450977
GWS GIANTS,2026,740947.7862235112,1020650,Darcy Jones,10.41202080285456,0.2313368337118118,0.9205112668611102
West Coast Eagles,2026,645737.0682305855,1020670,Elijah Hewett,9.641810173358744,0.14880336697878127,0.9295477433287856
Melbourne,2026,751850.3126917687,1020802,Jai Culley,10.577354539572177,0.08190301992970761,0.6313338096511781
St Kilda,2026,740892.6041522969,1020855,Max Hall,10.090963852288308,0.04962551945497262,0.4609673148868175
Carlton,2026,531171.7758361992,1020877,Flynn Young,7.355983284999873,0.06070726299638751,0.3396909477300585
Hawthorn,2026,919455.3669673,1020895,Jai Newcombe,12.685580987401885,0.3286816186124041,0.8314917828318464
North Melbourne,2026,143386.8935982881,1020930,Zac Banch,2.1838016723099973,0.06407077120300475,0.29038477497229087
Adelaide Crows,2026,477425.3070547296,1020950,Toby Murray,7.1860420456448075,0.01515983404167331,0.4613811446799424
Melbourne,2026,771314.0519478125,1020959,Daniel Turner,10.270699996816614,0.36338771153888694,0.7989368214384667
North Melbourne,2026,500175.1226831469,1020968,Jackson Archer,7.300508411362595,0.02941113914026116,0.29173785540220454
North Melbourne,2026,715863.5602452423,1020979,Cooper Harvey,10.243053875880475,0.06135178762160731,0.6456759395941385
Gold Coast SUNS,2026,239867.98220930743,1021013,Ned Moyle,3.580456052476843,0.04217970582951158,0.43426538959200334
Fremantle,2026,567743.8395784593,1021015,Karl Worner,8.008137167707547,0.03096118977768824,0.4028551026890035
Adelaide Crows,2026,411764.3882418195,1021031,Luke Nankervis,5.977890544874452,0.0077993281226304,0.35435036833683675
Geelong Cats,2026,484181.5220904513,1021103,Mitch Knevitt,6.541648287347448,0.00303622243286694,0.5419045002898528
Brisbane Lions,2026,702336.2385275699,1021108,James Tunstill,10.271272763006674,0.00842312113581333,0.20084034518442573
GWS GIANTS,2026,554262.8788155797,1021122,Harry Rowston,8.108639686644086,0.1264864200374488,0.9329945001446298
Richmond,2026,345812.59935931326,1021152,Jacob Bauer,5.61416640908447,0.0195571513479964,0.2657325453899645
Adelaide Crows,2026,445768.55139199994,1021200,Lachlan McAndrew,NA,0,0.04091624115950809
Richmond,2026,NA,1021660,Mate Colina,NA,0,0
Port Adelaide,2026,474343.4324758033,1022371,Tom Cochrane,6.64375844194653,0.13256430208981684,0.6237929696795184
Richmond,2026,1067714.8576591178,1022383,Liam Fawcett,15.964126754810524,0.1539564993725384,0.8360440094325317
Adelaide Crows,2026,383057.02689771826,1022447,Tyler Welsh,5.181439688715955,0.01338432122370936,0.4337834064751101
Carlton,2026,335465.4156300199,1022452,Lucas Camporeale,5.0378631530862865,0.10402198079420788,0.7053278169917122
Hawthorn,2026,382373.1886766013,1022473,Bodie Ryan,5.482460546556718,0,0.452752541662502
West Coast Eagles,2026,345514.6922536141,1022486,Jacob Newton,5.288900932223138,0.05845039100653704,0.8048729960506154
Port Adelaide,2026,447477.9238316452,1022601,Benny Barrett,5.928294653194671,0,0.6005774091136511
Adelaide Crows,2026,246671.8849006756,1022607,Sid Draper,4.2332864045034055,0.07450194028543067,0.853645271454871
Collingwood,2026,456574.4,1022614,Noah Howes,6.1899999999999995,0.18283794861356095,0.6146210763671904
Collingwood,2026,477425.3070547296,1022844,Oscar Steene,7.1860420456448075,0.01515983404167331,0.4613811446799424
Fremantle,2026,381945.57055214734,1022927,Hugh Davies,5.178220858895707,0.02824217283950625,0.44951201074701874
Richmond,2026,367826.7260578958,1022999,Kaleb Smith,5.806897025872172,0.03728899524831419,0.5329719448712402
Western Bulldogs,2026,582703.8705891591,1023017,Jedd Busslinger,7.451520975200417,0.1992468756744047,0.7400517325027334
West Coast Eagles,2026,702414.8636784944,1023025,Reuben Ginbey,10.03220491758123,0.27137670770750333,0.7946324559586381
Fremantle,2026,445980.7109280238,1023047,Jaren Carr,7.036130421965082,0,0.16969384237514196
Richmond,2026,515239.57620849984,1023056,Steely Green,8.225531502056052,0,0.42889590127070654
West Coast Eagles,2026,575710.1129157146,1023142,Tyrell Dewar,8.26572650385399,0.00275357405198251,0.33440005441799225
West Coast Eagles,2026,516449.05432085856,1023167,Brady Hough,7.240329203728355,0.05784461375584948,0.619765760096538
Melbourne,2026,532978.2687124484,1023174,Jed Adams,7.362018337794302,0.19626507222748957,0.8655643827125186
Collingwood,2026,1171140.527392263,1023261,Nick Daicos,15.77848322269246,0.8041385098453799,0.977165089358068
GWS GIANTS,2026,864039.1856920144,1023266,Finn Callaghan,12.028935041198782,0.7453663647205473,0.996198660982398
St Kilda,2026,623833.911539915,1023270,Marcus Windhager,8.673200574915164,0.2654356788921022,0.9490006579859436
St Kilda,2026,639918.2217340133,1023272,Mitch Owens,9.15139626150675,0.26479300713045517,0.9311146266258972
Richmond,2026,646515.4321250237,1023275,Seth Campbell,9.379364837595393,0.3361775767452332,0.8586331922694352
Fremantle,2026,360916.476438119,1023346,Liam Reidy,5.527057626472302,0.02837336465871454,0.22072326128459685
Hawthorn,2026,776731.5077535483,1023473,Nick Watson,10.759128529952209,0.1562667343340488,0.9172680929742548
North Melbourne,2026,628618.3232598806,1023477,George Wardlaw,9.238929779515445,0.14466378725077056,0.943808666253622
Hawthorn,2026,619135.599282432,1023482,Cam Mackenzie,9.054309668628235,0.10635960840878912,0.8385061547026699
Melbourne,2026,353497.2118424967,1023486,Matthew Jefferson,5.100173349696792,0.03646731009651316,0.7272444170827113
Essendon,2026,487826.3511337276,1023487,Lewis Hayes,7.039909153305829,0.00535847845726866,0.6066322413731505
Carlton,2026,396459.3198551091,1023489,Hudson O'Keeffe,5.6207236050477585,0.2004220841326957,0.7369025290729057
West Coast Eagles,2026,717348.3074556601,1023492,Harley Reid,10.559094826335649,0.29433261384156884,0.9627414797872336
North Melbourne,2026,399019.9396367943,1023494,Zane Duursma,5.692409091737813,0.20958173418291992,0.887636519033115
Carlton,2026,572155.9275650177,1023495,Oliver Hollands,8.143181489288272,0.15917432341584015,0.9084083454763836
West Coast Eagles,2026,426249.602767652,1023496,Noah Long,6.637941181849169,0,0.29039450217191254
Gold Coast SUNS,2026,738404.2472655646,1023500,Bailey Humphrey,10.799048637244807,0.818685163674235,0.9945529988714776
Essendon,2026,706254.5405548308,1023515,Archie Roberts,9.737749024424128,0.2787581175350965,0.8989759778289396
Brisbane Lions,2026,830486.4517688506,1023517,Will Ashcroft,11.555651110627634,0.8052009719167705,0.9980941430331922
North Melbourne,2026,726321.2091056881,1023518,Harry Sheezel,9.935276797206058,0.6484233498705505,0.9887021576257748
North Melbourne,2026,377851.1442573241,1023530,Jacob Konstanty,5.394907131484866,0.01849778081423703,0.706221494932864
Carlton,2026,405988.606157775,1023533,Jaxon Binns,6.1796600761787515,0.02955495321555479,0.6394695799237555
Adelaide Crows,2026,478890.0248626511,1023534,Hugh Bond,6.710508306561305,0.04531598740956422,0.5674891713336182
Geelong Cats,2026,451497.8848199744,1023537,Jhye Clark,6.758029221692965,0.03196178595754584,0.4950090717570357
Geelong Cats,2026,299340.4816848415,1023542,Ted Clohesy,4.491834077760001,0.04236654729498101,0.7668181990686015
North Melbourne,2026,434890.19869333325,1023544,Brayden George,NA,0,0.03422024013722113
North Melbourne,2026,562243.4306249287,1023625,Riley Hardeman,8.752461307886966,0.02849471322032137,0.6751308646341758
Melbourne,2026,491915.4066965045,1023640,Koltyn Tholstrup,6.663440508466888,0.2459462243372932,0.8723019312119233
Hawthorn,2026,577467.8815005904,1023680,Henry Hustwaite,8.905332524418263,0.10040366374366616,0.8967448696950671
Geelong Cats,2026,823082.1013803994,1023681,George Stevens,11.901262983929376,0.4050524666995735,0.9530090393724676
Brisbane Lions,2026,881967.2190058829,1023708,Jaspa Fletcher,12.375662880889358,0.3573661584859136,0.9462040063654036
Gold Coast SUNS,2026,592349.1466790186,1023736,Jed Walter,8.779299722051908,0.2548322075413223,0.931235016452726
St Kilda,2026,664661.5396637056,1023784,Anthony Caminiti,9.244538891447668,0.13285801341335635,0.7785305081456415
Essendon,2026,591949.3775959498,1023785,Elijah Tsatas,9.14879112670824,0.23557653271971568,0.8576511912331901
Sydney Swans,2026,472079.7030415143,1024057,Caiden Cleary,6.981823088899908,0.0735398763069276,0.7318535788748898
Sydney Swans,2026,353107.6338456637,1024096,Caleb Mitchell,5.255986760386305,0.11399163184717952,0.6324801570819947
Melbourne,2026,486608.4370098658,1024173,Aidan Johnson,6.804292321575816,0,0.22937997069781435
Brisbane Lions,2026,510624.95157894737,1024187,Reece Torrent,6.92278947368421,0,0.2997326960296981
West Coast Eagles,2026,587672.8586228373,1024188,Clay Hall,8.96368166459916,0.20022523420524585,0.9660864352666662
Brisbane Lions,2026,448615.63758545456,1024193,Darcy Craven,6.611000000000001,0.03947368421052621,0.32863048449605203
North Melbourne,2026,742339.9197210069,1024272,Colby McKercher,10.562263518166992,0.33962633459536584,0.91731769546785
St Kilda,2026,451422.3488112801,1024279,Arie Schoenmaker,6.379852861881832,0.26525264293785644,0.769655640154149
Melbourne,2026,407238.17297917185,1024337,Luker Kentfield,5.733906752411575,0.01580202742993441,0.2776632986238665
Gold Coast SUNS,2026,448615.63758545456,1024666,Lloyd Johnston,6.611000000000001,0.03947368421052621,0.32863048449605203
Sydney Swans,2026,409300.9454545452,1024685,Patrick Snell,5.549090909090905,0.05645710917497093,0.4255116816828757
Geelong Cats,2026,392846.659652492,1024982,Oisin Mullin,5.4362231889841,0.04920648300046459,0.17914344499726387
Geelong Cats,2026,784610.661919467,1025034,Oliver Dempsey,11.018859722096526,0.22381824153660457,0.7775774436959764
Gold Coast SUNS,2026,615739.8457611884,1026960,Will Graham,9.321989445780355,0.10197100374559642,0.8841140039205848
Geelong Cats,2026,397905.8534905263,1027006,Jacob Molier,5.123463414634145,0.00128205128205127,0.45453224793436353
St Kilda,2026,422793.011265557,1027011,Alex Dodson,6.187048467626973,0.10279031561636298,0.8434420329163372
Gold Coast SUNS,2026,478969.25104233914,1027033,Ethan Read,7.057142343409134,0.2851545512955036,0.947728980183866
Sydney Swans,2026,507132.5658859162,1027058,Indhi Kirk,7.3218181818181804,0,0.4652723929937802
Fremantle,2026,329989.7070197334,1027155,Charlie Nicholls,5.558738738738738,0.016973125884017,0.737182795857634
Carlton,2026,448925.90206985065,1027282,Ben Camporeale,6.512703296703297,0.04298086792784994,0.6118320385626369
Essendon,2026,549674.5695378461,1027284,Angus Clarke,8.314935207387402,0.19380137417795673,0.906821754307923
Port Adelaide,2026,133056.06914608233,1027311,Harrison Ramm,2.179294152060658,0.06568954097774804,0.8606158038405873
Collingwood,2026,319976.85513777175,1027382,Charlie West,5.226627951322089,0.02386677915054869,0.7406728878430133
Sydney Swans,2026,389116.01280594594,1027406,Ned Bowman,6.35,0.00405405405405401,0.4781956591896344
Geelong Cats,2026,454273.3132464184,1027428,Jay Polkinghorne,5.970463917525776,0.01053283767038415,0.5847833648839337
Collingwood,2026,510100.1437416443,1027501,Roan Steele,6.987936203259153,0,0.19478319900221597
Essendon,2026,25244.694944799037,1027644,Oskar Smartt,0.36416349735100795,0.11268136105802008,0.7191110257398008
Fremantle,2026,529743.6917002831,1027656,Cooper Simpson,8.32494883278361,0.0358136047852774,0.5936968149398839
Sydney Swans,2026,409665.7888198757,1027659,Riak Andrew,5.554037267080744,0.05576584311211674,0.39459073207745743
Carlton,2026,677723.6069493495,1027678,Billy Wilson,9.790929414677873,0.05123916077122681,0.7017551609209292
Sydney Swans,2026,431130.6688602497,1027687,Tom Hanily,6.1732967451192415,0.15716953564742775,0.6600789284033592
West Coast Eagles,2026,395824.1545963147,1027693,Archer Reid,5.897830386596,0.18800718520689208,0.9603915853746988
Gold Coast SUNS,2026,446903.0359894441,1027701,Max Knobel,6.05888063977012,0.08176676411846895,0.390037065161699
Western Bulldogs,2026,389281.8926829269,1027702,Lachlan Smith,5.277682926829269,0.17525675157228404,0.6115645466669033
Western Bulldogs,2026,838440.2161984101,1027704,Joel Freijah,12.117649592748638,0.3194506258125267,0.9765699055619064
Essendon,2026,462959.0318677621,1027706,Luamon Lual,6.817263126786309,0.01927912596260095,0.35710558872083686
Carlton,2026,465366.29690288537,1027713,Will White,7.4195542829434835,0.05029246803152609,0.3902047677671501
North Melbourne,2026,497814.88598124793,1027726,Geordie Payne,7.2764683614876144,0.14684024094228942,0.705354496969831
St Kilda,2026,431637.45067942265,1027790,Hugo Garcia,6.5133509511130105,0.20800035769041525,0.9722358833864508
Melbourne,2026,484455.3593610375,1027821,Caleb Windsor,7.210336215767429,0.1794668453478249,0.9650586419849286
Collingwood,2026,418655.73877551017,1027834,Iliro Smit,5.675918367346938,0.150432158333888,0.5003690173741684
Geelong Cats,2026,418655.73877551017,1027854,Joe Pike,5.675918367346938,0.150432158333888,0.5003690173741684
Port Adelaide,2026,436983.0974477419,1027870,Tom Anastasopoulos,6.827969543147211,0,0.35688138817509496
St Kilda,2026,380325.97434282425,1027872,Angus Hastie,5.6636194246018325,0.05198342567276137,0.6452609923355175
St Kilda,2026,507692.35752776265,1027875,Darcy Wilson,7.995885117984551,0.26169214723670253,0.9804051684948446
Geelong Cats,2026,776793.9715649441,1027877,Connor O'Sullivan,11.001888724114076,0.2696026505851591,0.9455430852816434
Port Adelaide,2026,506864.4232324024,1027887,Ewan Mackinlay,7.072399855787814,0.174132150483728,0.7537533665826068
Adelaide Crows,2026,453726.43593660375,1027893,Oscar Ryan,5.510380952380951,0,0.5597464966827079
Essendon,2026,383210.8078240989,1027899,Nate Caddy,5.565884802287622,0.33343476325419297,0.931756417945898
GWS GIANTS,2026,582772.9134576515,1027921,Max Gruzewski,8.309630737283284,0.06148302222594148,0.7667260954320365
GWS GIANTS,2026,589207.8867765445,1027925,Harvey Thomas,9.379543476166813,0.20625905616699705,0.7918343940534094
Hawthorn,2026,837843.8492308,1027935,Josh Weddle,12.06963178584684,0.33959426955252003,0.9604238619685
Melbourne,2026,447085.2566673342,1027949,Kynan Brown,6.061351093646071,0,0.17445697841731722
Hawthorn,2026,555630.5424292312,1027965,Max Ramsden,7.895005707778238,0.2152473082685308,0.7231649472569894
Essendon,2026,505514.04858826264,1027966,Vigo Visentini,8.065300518531684,0.4098274014291324,0.8766307050730816
West Coast Eagles,2026,407798.84948380943,1027969,Harvey Johnston,6.422149532710283,0.06880772111329281,0.6460803376716253
GWS GIANTS,2026,530341.2113138586,1027971,Toby McMullin,7.962990431170167,0.0269202535360431,0.4260181663156195
Brisbane Lions,2026,395131.1492063493,1027985,Luke Lloyd,5.356984126984127,0.05913639739659038,0.6494357494094756
Fremantle,2026,390366.2892307693,1027990,Ollie Murphy,5.292384615384616,0.05389829496252507,0.6476026181645462
Brisbane Lions,2026,750665.7969092721,1028019,Logan Morris,10.627345794033378,0.44096806070402195,0.973565169939534
Brisbane Lions,2026,NA,1028105,Shadeau Brain,NA,0,0.03921568627450977
Essendon,2026,668756.8881751325,1028196,Lachlan Blakiston,9.103911545482427,0.08610616085850842,0.356805848250504
Fremantle,2026,456574.4,1028228,Aiden Riddle,6.1899999999999995,0.18283794861356095,0.6146210763671904
West Coast Eagles,2026,418655.73877551017,1028291,Coen Livingstone,5.675918367346938,0.150432158333888,0.5003690173741684
Fremantle,2026,456574.4,1028371,Odin Jones,6.1899999999999995,0.18283794861356095,0.6146210763671904
West Coast Eagles,2026,455554.03128272627,1028449,Bo Allan,6.532666835885729,0.05292927939624115,0.6302220004131068
Geelong Cats,2026,447477.9238316452,1028489,Xavier Ivisic,5.928294653194671,0,0.5988603419555747
Richmond,2026,667726.8727800411,1028491,Sam Lalor,10.370413507377414,0.29503597466123865,0.966091932437493
Western Bulldogs,2026,428335.13751,1028493,Lachie Jaques,5.754769230769231,0.02064561470484882,0.6409921467987834
North Melbourne,2026,539426.0145036405,1028495,Finn O'Sullivan,8.136275892537322,0.20667845748568237,0.941402918080964
Carlton,2026,408951.38771384617,1028496,Harry Charleson,6.254782608695652,0.05203368060510904,0.6629039987788473
Richmond,2026,501270.9621023009,1028498,Jonty Faull,7.450377348974862,0.2372497492057384,0.9472211462453696
Fremantle,2026,796262.32146402,1028513,Murphy Reid,11.777396937882717,0.3895068622657897,0.9153704996454326
St Kilda,2026,444742.9027334455,1028514,Patrick Said,5.573879310344825,0,0.41162144658444455
Carlton,2026,444610.2419165958,1028515,Jagga Smith,6.633563218390805,0.08975462311874227,0.8226804207152985
Essendon,2026,527296.3188145248,1028519,Zak Johnson,8.269691413596272,0.03224611233553853,0.5331169070920407
Brisbane Lions,2026,522456.62389656215,1028520,Sam Marshall,7.427916478195741,0.06358150734999601,0.5225890918626259
Richmond,2026,491203.9191618835,1028521,Luke Trainor,7.391922429805385,0.1659316294608798,0.8806229662805025
Richmond,2026,391042.2403807375,1028525,Harry Armstrong,6.177053455331725,0.17945662968971277,0.9497436422348908
Carlton,2026,725484.1363634763,1028526,Harry O'Farrell,11.256922175500438,0.22093946316561197,0.950152951218191
Port Adelaide,2026,402993.8644443452,1028529,Joe Berry,5.748220924258903,0.13458049678378436,0.9151527600641968
Melbourne,2026,504068.6446425701,1028531,Xavier Lindsay,7.540482922873365,0.17058174244498248,0.8077764314708222
Richmond,2026,539792.5567871166,1028537,Jasper Alger,8.305500546667579,0.1107408709141996,0.6419781444787875
St Kilda,2026,484254.5307156166,1028538,Tobie Travaglia,7.331753441274997,0.12305274205636584,0.898624593451736
GWS GIANTS,2026,451977.9350477977,1028539,Jack Ough,6.449046610169492,0.03068044365850764,0.5983498003319261
Gold Coast SUNS,2026,408951.38771384617,1028541,Asher Eastham,6.254782608695652,0.05203368060510904,0.6629039987788473
St Kilda,2026,446821.759544918,1028545,James Barrat,5.505748987854252,0.12103497623146352,0.7081223921268534
Melbourne,2026,885881.8459600157,1028546,Harvey Langford,12.7921944946159,0.3911786724591241,0.9579763412374324
North Melbourne,2026,415552.81013064063,1028547,Matt Whitlock,6.630771771225436,0.1943758511987419,0.9245737571417302
North Melbourne,2026,567945.3732401319,1028551,Wil Dawson,8.272487105218438,0.2234726242646584,0.870358397741739
Essendon,2026,597620.9265098247,1028554,Isaac Kako,9.041361159513468,0.22334801909778412,0.8903713452364795
Brisbane Lions,2026,585719.8600115258,1028560,Levi Ashcroft,8.726784044518123,0.2730524646209489,0.8850518624551444
West Coast Eagles,2026,382811.4384190435,1028561,Tom Gross,5.898877126395434,0.09681093936703232,0.8512121869137872
Port Adelaide,2026,378475.8579933795,1028563,Christian Moraes,5.680219141246724,0.14504462559830245,0.8073872836100582
Sydney Swans,2026,413739.78201142856,1028564,Blake Leidler,6.4947058823529416,0.04953124999999991,0.4864807589178119
Hawthorn,2026,510624.95157894737,1028566,Cody Anderson,6.92278947368421,0,0.2997326960296981
Richmond,2026,454460.4160650151,1028572,Josh Smillie,6.312869415807562,0.03431763766959295,0.5752890818782468
Hawthorn,2026,376190.0050632912,1028643,Noah Mraz,5.1001898734177225,0.08906668692729525,0.591034773156585
Adelaide Crows,2026,441616.7766324172,1028671,Charlie Edwards,6.037260273972603,0.03745057331289025,0.7813299485316065
Collingwood,2026,408549.90487437503,1029000,Joel Cochran,6.3647867298578165,0.06307695130550117,0.6112309828598705
GWS GIANTS,2026,-81882.07354473129,1029030,Josaia Delana,-1.19409395492489,0.09428726166277468,0.6596469950349027
Gold Coast SUNS,2026,408460.9089361701,1029065,Cooper Bell,5.537702127659573,0.03988757615241056,0.43737148519964497
West Coast Eagles,2026,128280.06392899202,1029136,Malakai Champion,1.9113113062574132,0.08082983276707922,0.6596513501598962
St Kilda,2026,567117.962506116,1029148,Hugh Boxshall,8.339792049033928,0.1204666217926964,0.786040567319619
Port Adelaide,2026,407238.17297917185,1029158,Xavier Walsh,5.733906752411575,0.01580202742993441,0.2776632986238665
Essendon,2026,344217.4640041739,1029159,Kayle Gerreyn,5.557564766839378,0.02245250431778933,0.7014470000984586
Melbourne,2026,408954.51475555554,1029211,Ricky Mentha,6.135714285714285,0.09143225000975386,0.4797833440092907
Hawthorn,2026,648043.7157294945,1029261,Bailey Macdonald,8.762004061515063,0.03875748007900914,0.7328552344965881
Port Adelaide,2026,529175.389620033,1029262,Will Lorenz,7.421341415686861,0.05731836648837929,0.44768154740439814
Essendon,2026,463020.2694830729,1029265,Archer Day-Wicks,6.561735813919206,0.06879357935441333,0.544672278675641
North Melbourne,2026,455326.5221692683,1029281,Luke Urquhart,6.556601769911506,0.03374017745381108,0.5890751189715786
Gold Coast SUNS,2026,472749.19173190824,1029304,Lachlan Gulbin,7.286139091487707,0.05889957149907055,0.7109315212779121
Brisbane Lions,2026,432160.1380463376,1029405,Will McLachlan,6.481937841007507,0.07282846586033276,0.4639853637782527
West Coast Eagles,2026,671467.797441202,1029416,Ryan Maric,9.437995030887445,0.21817320689991715,0.784352256175028
Western Bulldogs,2026,360931.25210917136,1029456,Cooper Hynes,5.114868543240219,0.17138479497336123,0.8352409568986773
Sydney Swans,2026,149034.3156497548,1029589,Jesse Dattoli,2.2179190513977938,0.27946508027302286,0.8646910355831604
Melbourne,2026,NA,1029973,Oliver Sestan,NA,0,0.03921568627450977
North Melbourne,2026,405009.8776025236,1031506,Taylor Goad,5.490914826498422,0.22193516467520824,0.6688990630489552
North Melbourne,2026,404155.691517759,1031792,Finnbar Maley,6.035896275790762,0.12284723463765436,0.5324307419646437
Richmond,2026,595607.2986208479,1031829,James Trezise,8.195077004086114,0.0032622677701336,0.24763261019530236
West Coast Eagles,2026,626800.7462296827,1031913,Jobe Shanahan,9.445535973071689,0.2750859804802819,0.9577543526154156
North Melbourne,2026,1185250.773035977,1031988,Cooper Trembath,16.470890992942337,0.405201456988451,0.9833343471083428
North Melbourne,2026,433633.4241722106,1031989,River Stevens,5.725223463687152,0,0.4694505907766693
Collingwood,2026,433533.45347166667,1032017,Tew Jiath,5.373893805309735,0,0.04300156106203834
Essendon,2026,388741.95705424825,1032023,Rhys Unwin,6.141498884450559,0.10747781191603324,0.7082196449053555
GWS GIANTS,2026,377214.4975717874,1032042,Phoenix Gothard,5.965064935064936,0.05252989072477954,0.4238228552769866
Port Adelaide,2026,649569.4398385517,1032053,Jack Whitlock,9.473977530686094,0.2603265004204681,0.9441349458856724
Geelong Cats,2026,547916.5759235839,1032081,Patrick Retschko,7.215904347826085,0.01931392332084169,0.731372757507
Hawthorn,2026,512788.2365164784,1032100,Calsher Dear,7.511287558710794,0.10680642296469632,0.868404079894992
Richmond,2026,329118.64118695236,1032106,Taj Hotton,4.830388929740537,0.13590881944751498,0.9336716295449472
Carlton,2026,593974.3606705368,1032108,Cooper Lord,8.525800359414168,0.05333705411573708,0.5863052625201979
Western Bulldogs,2026,458373.3197642604,1032112,Luke Kennedy,6.558940170940169,0.03214493577538979,0.5950300673276954
Geelong Cats,2026,389585.54213821125,1032114,Lennox Hofmann,6.039514170040485,0.04572904962746804,0.7947296395194072
GWS GIANTS,2026,409839.3061593604,1032119,James Leake,5.459884965827316,0.06762761601886413,0.7900251978810098
Geelong Cats,2026,391595.60934308567,1032141,Keighton Matofai-Forbes,6.02423197492163,0.02504038400120023,0.7815883941153698
GWS GIANTS,2026,367173.49743589753,1032161,Logan Smith,4.977948717948719,0.04366897077389131,0.5464094380176434
GWS GIANTS,2026,606327.6188400178,1032619,Cody Angove,8.980220334571383,0.1477672301129388,0.8526706090159079
West Coast Eagles,2026,557931.5248916768,1032624,Hamish Davis,8.322474877968283,0.0803812393852541,0.6673203535692795
GWS GIANTS,2026,423132.32477276906,1032629,Joe Fonti,6.316691047552357,0.06817756886006232,0.7566068976865914
Brisbane Lions,2026,386502.4,1032650,Zane Zakostelsky,5.239999999999999,0.15513032965568363,0.5757581684363187
Western Bulldogs,2026,691931.3178931319,1032966,James O'Donnell,9.855889946598978,0.13854076772286128,0.6910299948881486
GWS GIANTS,2026,448615.63758545456,1034066,Nathan Wardius,6.611000000000001,0.03947368421052621,0.3293845901777799
Western Bulldogs,2026,277959.8685084894,1034235,Josh Dolan,3.8186576006400577,0.27918468432161436,0.8113105162026903
Brisbane Lions,2026,597490.6355110258,1034411,Ty Gallop,8.745645760491712,0.2296172567105329,0.9604292849273902
Carlton,2026,428706.3817411765,1035129,Rob Monahan,6.32,0,0.3639931934203061
St Kilda,2026,488213.22483307467,1035198,Liam O'Connell,6.945513845487809,0.04981190017229542,0.5474050707685936
Richmond,2026,445768.55139199994,1035199,Oliver Hayes-Brown,NA,0,0.04091624115950809
Adelaide Crows,2026,461461.95970352937,1035372,Karl Gallagher,6.02,0.0140845070422535,0.05675227837613905
West Coast Eagles,2026,442146.3666363176,1036098,Jack Hutchinson,6.122278031300304,0.00122521839121014,0.27688576634502826
Richmond,2026,735316.179394863,1036103,Campbell Gray,10.207009313154744,0.1944154658245505,0.769558698909593
Western Bulldogs,2026,699464.188482918,1036123,Sam Davidson,10.127843781915711,0.03370582632284735,0.6447903426321661
West Coast Eagles,2026,609120.1262649855,1036124,Tom McCarthy,8.379186702423748,0.24575912071239925,0.806601469400478
Gold Coast SUNS,2026,553585.3107927273,1038801,Zak Evans,7.655714285714287,0.03361103131284104,0.06779661016949157
Port Adelaide,2026,402916.8592578411,1038914,Jacob Moss,5.759480701754384,0.01799058953778021,0.2647755787863244
Hawthorn,2026,477425.3070547296,1039499,Jaime Uhr-Henry,7.1860420456448075,0.01515983404167331,0.4613811446799424
Hawthorn,2026,NA,1039500,Matt Hill,NA,0,0
Geelong Cats,2026,475988.90788,1039509,Cillian Burke,6.214545454545455,0.0149253731343284,0.02985074626865669
Carlton,2026,NA,1039720,Matt Duffy,NA,0,0
St Kilda,2026,408951.38771384617,1039730,Eamonn Armstrong,6.254782608695652,0.05203368060510904,0.6629039987788473
Port Adelaide,2026,413739.78201142856,1040300,Josh Lai,6.4947058823529416,0.04953124999999991,0.48738779018602785
Western Bulldogs,2026,407238.17297917185,1041619,Zac Walker,5.733906752411575,0.01580202742993441,0.2776632986238665
Port Adelaide,2026,547322.1282058924,250365,Travis Boak,NA,0,0.06119149504153587
Collingwood,2026,NA,260257,Scott Pendlebury,NA,0,0
Brisbane Lions,2026,921949.1029215136,261224,Dayne Zorko,NA,0,0.03801550839967771
Geelong Cats,2026,748540.7838209363,270917,Patrick Dangerfield,9.585862485573251,0.0122389364150498,0.09901699464463054
Essendon,2026,448671.88404504984,271129,Todd Goldstein,NA,0,0.0360684654729837
GWS GIANTS,2026,562338.3090961307,280109,Callan Ward,7.492632437773661,0.00893935182769933,0.11958902092912616
Geelong Cats,2026,470088.03923121264,280317,Rhys Stanley,5.484242865827134,0,0.22519033699292157
Adelaide Crows,2026,663526.7056357394,280506,Taylor Walker,7.769455803125193,0.00190914658662166,0.13877844528143435
Hawthorn,2026,302240.68643329816,280744,Luke Breust,4.0815713974060595,0.00156655975402819,0.10256493621395024
Melbourne,2026,733756.4190842928,280824,Jake Melksham,8.821920743008857,0.03412585186448491,0.21070661860775497
Collingwood,2026,870048.2043095294,280965,Steele Sidebottom,11.776062244567086,0.01936441095144014,0.12486039078393996
Fremantle,2026,290428.7675337558,281007,Michael Walters,NA,0,0.04233875802708742
Geelong Cats,2026,482601.70686732384,281065,Mitch Duncan,5.55687134980504,0.01996286263588376,0.09123639760897773
Western Bulldogs,2026,478726.2263018324,281078,Liam Jones,NA,0.00562699791380438,0.04189059324183419
Melbourne,2026,769748.8061399739,281085,Steven May,10.267107644466098,0.00920980778821101,0.21098699448363537
Western Bulldogs,2026,287029.16369712324,290085,Taylor Duryea,NA,0.0114335714649647,0.04529034146901734
Melbourne,2026,215255.3609060242,290246,Tom Campbell,NA,0,0.04878564167476917
Sydney Swans,2026,490451.6225734067,290307,Dane Rampe,5.43735149216544,0.02017689493539898,0.07060303084333519
GWS GIANTS,2026,346654.32429098047,290314,Lachlan Keeffe,4.101898994074203,0.00488342197400692,0.14696108816871245
Melbourne,2026,1026390.8106159735,290528,Max Gawn,12.997970075472296,0,0.3207298262974213
Geelong Cats,2026,NA,290550,Cameron Guthrie,NA,0,0
Richmond,2026,708683.6392603448,290627,Dion Prestia,8.920446577128873,0.03547654934672495,0.13603295890310374
St Kilda,2026,436608.10213107895,290757,Jimmy Webster,5.629573481402,0,0.1793682565012521
North Melbourne,2026,725272.0078319449,290778,Luke Parker,9.293975682130752,0.03360058803230503,0.17634108411689642
Western Bulldogs,2026,792399.6443804685,290799,Tom Liberatore,10.33326521320836,0.0394545874733927,0.18901503151673624
West Coast Eagles,2026,540413.6646308298,290826,Jamie Cripps,NA,0,0.04656491872495616
Gold Coast SUNS,2026,272192.4585237639,290832,David Swallow,NA,0,0.09627401580258577
North Melbourne,2026,605437.2302289086,290838,Jack Darling,7.934896274668637,0.00110053294209866,0.1873562921853359
Collingwood,2026,599137.6013587371,291313,Jeremy Howe,7.166345771104529,0.01887330838597123,0.1035245924574627
Hawthorn,2026,864760.46455619,291351,Jack Gunston,10.994116784095375,0.05582020130604503,0.2311960444746859
Melbourne,2026,753046.3898961628,291533,Tom McDonald,9.714946913071136,0.01221330840418566,0.13480299545008034
Brisbane Lions,2026,621653.9270932098,291548,Ryan Lester,8.290584504893951,0.01511370848318771,0.15429089391506678
Collingwood,2026,463849.50505231787,291720,Will Hoskin-Elliott,5.881544940700508,0,0.13547346327292875
Adelaide Crows,2026,553202.6000794177,291748,Brodie Smith,6.624381403132601,0.02315331716387969,0.09343112141329224
Brisbane Lions,2026,327832.8439750961,291753,Sam Day,NA,0,0.06436742667411466
Sydney Swans,2026,191007.9753734126,291776,Taylor Adams,2.0170348325404457,0,0.08638114168799382
Essendon,2026,573553.5646773179,291783,Dylan Shiel,7.149369150713518,0.02297720210475495,0.11747415158533592
Western Bulldogs,2026,575692.4234265402,291790,Adam Treloar,7.810177419573486,0.03225648779554091,0.08333498460663058
Geelong Cats,2026,856336.5989995812,291800,Tom Stewart,11.156996470465405,0.06114201622256821,0.23180515541374647
Sydney Swans,2026,NA,291848,Robbie Fox,NA,0,0
Collingwood,2026,647542.0277740649,291849,Brody Mihocek,8.157561406149437,0.04358932439365526,0.2204163473881331
Collingwood,2026,722308.0511046104,291856,Tom Mitchell,9.364696772262365,0.02267409048854685,0.2350309886198544
Melbourne,2026,581745.7825388098,291902,Jack Viney,7.672111502621351,0.05392034539505064,0.3571010479040836
GWS GIANTS,2026,374610.21931366547,291969,Stephen Coniglio,4.614450251509955,0,0.21885864339359584
Gold Coast SUNS,2026,559201.7485469001,291975,Jarrod Witts,7.253732850929239,0.00720300449304478,0.20637348992556903
Sydney Swans,2026,462457.4383004075,291978,Harry Cunningham,5.888251798018135,0,0.11539746142372208
West Coast Eagles,2026,NA,292128,Elliot Yeo,NA,0,0
Adelaide Crows,2026,717554.2457303986,293222,Rory Laird,9.425749876727776,0.0740112978336166,0.14683748874604596
Brisbane Lions,2026,891875.7277857235,293535,Lachie Neale,11.961489317134554,0.1685409185944844,0.3702395503455392
Brisbane Lions,2026,NA,293581,Lincoln McCarthy,NA,0,0
Hawthorn,2026,205062.68125867363,293738,Sam Frost,1.5703048141896998,0.00332493941652822,0.16889030886843337
Collingwood,2026,711627.7892016148,293801,Jamie Elliott,8.89817149051631,0.04720081077211624,0.24314715494223071
Richmond,2026,573518.56999171,293813,Tom Lynch,7.169695631483758,0.080868975270732,0.22146547262704308
Geelong Cats,2026,983677.9348184604,293845,Jeremy Cameron,12.887178001110682,0.1341864454460998,0.271084988944427
Collingwood,2026,811771.0418203534,293871,Jack Crisp,11.273064682326828,7.950710566404506e-4,0.1682826193714324
Geelong Cats,2026,527495.663053802,293883,Jed Bews,6.737181184506572,0.06997074563130146,0.09810772007272228
GWS GIANTS,2026,481315.0705908109,293884,Jake Stringer,5.965445102951891,0.11258532357435748,0.26053851704741415
Sydney Swans,2026,760206.0951609531,293957,Brodie Grundy,9.75869991761194,0.00540256064810096,0.24649775356164616
Gold Coast SUNS,2026,467103.1972372041,294013,Sean Lemmens,6.906700381302799,0,0.1606251920215237
Carlton,2026,868029.4970398048,294036,George Hewett,11.341882531172711,0.2196950598984144,0.6209588412475358
Western Bulldogs,2026,599770.7158830147,294101,Jason Johannisen,7.5000807325781524,0.03327994343029161,0.1384843943086672
GWS GIANTS,2026,817835.9902057536,294305,Lachie Whitfield,10.664280953741985,0.1318372051597947,0.4550562980377319
Port Adelaide,2026,718366.6779937169,294318,Ollie Wines,9.661164282896214,0.14395481791878262,0.465742596186604
Port Adelaide,2026,803241.3593605242,294469,Aliir Aliir,10.403660510055987,0.03743237294906709,0.209029018206489
Port Adelaide,2026,413139.5129106883,294472,Rory Atkins,5.079143790597188,0.00944902834905669,0.21162917543915016
North Melbourne,2026,599303.5238913633,294508,Aidan Corr,7.798597447412511,0.05097555285300603,0.25589673193978624
Richmond,2026,512016.5903138009,294592,Kamdyn McIntosh,6.844427801397936,0,0.1443663100312066
Collingwood,2026,645376.0498904989,294596,Tim Membrey,9.083507297272565,0.02428568142085674,0.2831896518187046
Fremantle,2026,575853.02301711,294613,Jaeger O'Meara,7.885813688330488,0,0.12810279666882762
Gold Coast SUNS,2026,197159.8952887663,294643,Alex Sexton,NA,0,0.10687476399838558
Richmond,2026,885807.3652236769,294674,Nick Vlastuin,11.490788594773404,0.06985132589218113,0.38153992369616174
Carlton,2026,697548.1496193844,294685,Zac Williams,8.731384982666961,0.00794711725473584,0.25214417197859473
West Coast Eagles,2026,835002.850434748,294859,Jeremy McGovern,11.064464825603004,0.01267000476486668,0.2000556020268852
Fremantle,2026,440803.05911122815,295067,James Aish,5.8788130000606325,0,0.08444444384461958
North Melbourne,2026,629915.4737829033,295136,Caleb Daniel,8.255063286477919,0.192690364367348,0.5919933753582832
Richmond,2026,680804.5312246805,295203,Nathan Broad,9.04519981770074,0.02517431856277441,0.1918954505281074
Sydney Swans,2026,422608.0333248431,295222,Joel Hamling,5.253567000927154,0,0.08341951673616821
Carlton,2026,823302.9572053098,295265,Nick Haynes,10.440737630803596,0.03872992147089715,0.2117524837221234
St Kilda,2026,675637.3749432613,295340,Mason Wood,8.682106850164063,0.02901995274518387,0.18564014392027503
Sydney Swans,2026,648449.747076598,295342,Jake Lloyd,8.817916451800938,0.00280549834096066,0.1435231343415092
GWS GIANTS,2026,739827.90294388,295344,Toby Greene,9.617118938715205,0.0658878671850669,0.2841292386239137
Gold Coast SUNS,2026,841421.3967501184,295446,Sam Collins,11.059132233519628,0.03419661313099798,0.1885917304980178
Carlton,2026,625733.4707152046,295461,Adam Saad,8.042942310733588,0.07554691204799102,0.19813628939423625
St Kilda,2026,861092.7340571927,295467,Jack Macrae,11.587421228332625,0.15847963646293872,0.5445663437100275
Carlton,2026,687837.3578757608,295518,Sam Docherty,9.40199373948051,0.0022787096948198,0.14708888343682214
West Coast Eagles,2026,523384.7816375796,295898,Tim Kelly,7.005132145704957,0.00441970001143687,0.11365863410356314
Geelong Cats,2026,581861.4866297267,296190,Jack Martin,8.053867176275547,0,0.1177256599111116
St Kilda,2026,606881.4180866627,296205,Jack Steele,7.898368572916907,0.05424816085450679,0.3959895035602371
Port Adelaide,2026,695991.4330728368,296225,Willie Rioli,8.483555627498584,0,0.25490043431986587
Hawthorn,2026,744340.5979647648,296254,Jarman Impey,10.024333877482292,0.1404619364938272,0.21251520260195567
Brisbane Lions,2026,537953.3365425068,296269,Darcy Gardiner,6.703335032707628,0.01876620690627006,0.14059954271836195
Geelong Cats,2026,NA,296291,Jake Kolodjashnij,NA,0,0
Carlton,2026,455922.88384023705,296294,Blake Acres,5.987153911198239,0,0.22271980634806857
West Coast Eagles,2026,NA,296296,Dom Sheed,NA,0,0
GWS GIANTS,2026,782096.4212356328,296324,Jesse Hogan,10.13443614845869,0.1929634698390118,0.31758839924991644
Carlton,2026,680475.4534174139,296334,Orazio Fantasia,9.70957174747397,0.01672797654997837,0.19843194374815276
GWS GIANTS,2026,609044.726258553,296347,Josh Kelly,7.701617711613774,0,0.20431321808954228
Melbourne,2026,606349.151363113,296351,Jack Billings,7.796917879964854,0,0.19334756389341212
North Melbourne,2026,611654.8032988749,296355,Luke McDonald,7.569332420477672,0.02700560890345782,0.24382852718927284
Melbourne,2026,785993.2614314997,296359,Christian Salem,10.64967078977772,0.17907471968174649,0.4345041190702945
Adelaide Crows,2026,627716.8075415858,296420,Alex Neal-Bullen,8.696026767505542,0.03235864178756265,0.2086385422593684
St Kilda,2026,931305.1338461016,296422,Callum Wilkie,12.20608922463108,0.12359704368466606,0.4023326912650163
Geelong Cats,2026,646355.2456776673,296733,Mark Blicavs,7.540788011441828,0,0.2408534355650378
Carlton,2026,720427.6325264301,297255,Mitch McGovern,9.689850472004656,0.05123550583728387,0.1328199493540302
Hawthorn,2026,734915.9816553487,297354,Karl Amon,9.813082457965262,0.20837357969088433,0.4138586945081316
Western Bulldogs,2026,1171002.8316660244,297373,Marcus Bontempelli,15.257685779702474,0.3756688881628055,0.5969656327783746
Adelaide Crows,2026,638875.9904171724,297401,Matt Crouch,8.534861872312808,0.07497736553311019,0.3893799692663945
Gold Coast SUNS,2026,437054.1230712478,297456,Nick Holman,5.585891811941998,0.00292337343182103,0.111489388760738
Collingwood,2026,495832.9387443618,297504,Daniel McStay,7.2483574460103375,0.04296871908144506,0.34975729422697943
Adelaide Crows,2026,485638.9349810846,297523,Reilly O'Brien,6.541767922758746,0.02037124448544591,0.34717209197880905
Hawthorn,2026,838845.6793761251,297566,James Sicily,11.05949037057025,0.16447051924303524,0.4297138462623736
Western Bulldogs,2026,643774.441876743,297899,James Harmes,8.468904428407866,0,0.2217454805453295
Carlton,2026,NA,297907,Nic Newman,NA,0,0
Port Adelaide,2026,356837.4645947335,298111,Jeremy Finlayson,5.320767414912843,0.02251196273508959,0.23558072854282552
Richmond,2026,640232.1590989173,298174,Toby Nankervis,8.639422362855374,0.00955578234803955,0.33822455339378643
Melbourne,2026,789970.220533794,298210,Christian Petracca,10.35090814454381,0.15422111764458313,0.3436181316402398
Brisbane Lions,2026,417564.5294058849,298211,Darcy Fort,5.333549473513887,0,0.1566972013577992
Melbourne,2026,575607.7160325616,298264,Ed Langdon,7.627680388689339,0.02890414370218075,0.15289770700308725
West Coast Eagles,2026,598004.9162274615,298268,Liam Duggan,7.637266890906506,0.24931367923740644,0.5806291524118978
Gold Coast SUNS,2026,851626.9951626078,298272,Touk Miller,10.904351105630452,0.18476661567700892,0.5157939740936104
Essendon,2026,581677.4106277566,298280,Jayden Laverde,7.604443737741474,0.09264794825887657,0.2883895680248576
Melbourne,2026,699508.8615645474,298281,Jake Lever,9.248985632701508,0,0.18462926411487357
Collingwood,2026,817155.5035307814,298288,Darcy Moore,10.545935993347168,0.08210285030908793,0.2849137577557711
Essendon,2026,788853.1537552977,298289,Peter Wright,10.752616652159048,0.1546049852677681,0.3812849308333668
Carlton,2026,556694.9244852349,298290,Marc Pittonet,7.636439666322985,0.05807330436867553,0.28938860318135995
Collingwood,2026,454501.8499514517,298358,Oleg Markov,5.76212214458631,1.9709676853529867e-4,0.09480529203352928
Fremantle,2026,939401.1618219942,298409,Alex Pearce,12.17252087126847,0.11993436860558691,0.26755984067644445
Essendon,2026,478489.3479682161,298421,Jade Gresham,6.6832420326302495,0.0021098768683061,0.16307820307687537
Brisbane Lions,2026,NA,298437,Callum Ah Chee,NA,NA,NA
Melbourne,2026,NA,298470,Shane McAdam,NA,0,0
Gold Coast SUNS,2026,555523.8525652512,298524,Lachie Weller,7.212942683563106,0,0.20305107555937163
Sydney Swans,2026,1188936.4257384718,298539,Isaac Heeney,14.864878542601424,0.3982678946797972,0.5819919983058306
Essendon,2026,710140.1580997027,298630,Kyle Langford,10.37336397276751,0.05089414990514884,0.24679941826592589
Hawthorn,2026,754173.6974409609,990290,Tom Barrass,9.66458611679126,0.07513471132600302,0.2580568531899414
Collingwood,2026,861047.340950539,990291,Darcy Cameron,11.558041266287985,0.20318161310436889,0.3334580419572726
Brisbane Lions,2026,455609.8068880587,990609,Charlie Cameron,6.030506802596161,0.05152170028134062,0.254333841782582
Carlton,2026,800286.3319504509,990704,Patrick Cripps,10.670353803500706,0.1192560481819065,0.5171609501288399
Western Bulldogs,2026,743130.7892271332,990740,Rory Lobb,9.442395330050758,0.00920565333023293,0.13426153939408925
Sydney Swans,2026,492943.4628381884,990816,Aaron Francis,7.527141742430533,0.03929570530331283,0.28261436203626467
West Coast Eagles,2026,671404.1361111664,990827,Jack Graham,9.165428534638242,0.07008788347856121,0.45149953516249286
Adelaide Crows,2026,678808.9582405186,990882,Wayne Milera,9.111978998022852,0.19304945096836745,0.4430718741780775
Collingwood,2026,721771.4046719783,991773,Billy Frampton,9.781395352829158,0.06175082889916517,0.26411923557588846
Port Adelaide,2026,667950.1791622839,991930,Darcy Byrne-Jones,9.249591035875476,0.00721548000255767,0.19133578450548272
St Kilda,2026,447350.9314127523,991939,Zaine Cordy,5.886399983379391,0.01687056223457017,0.20900641790548544
St Kilda,2026,488726.6424746205,991988,Zak Jones,6.78499875625899,0,0.16211215206155072
Collingwood,2026,786695.9873664908,992010,Brayden Maynard,10.245154119421612,0.15675487622430473,0.3570751278285136
Essendon,2026,798868.5499797314,992016,Zach Merrett,10.41336017932232,0.1990032227535573,0.4781213108257777
Western Bulldogs,2026,NA,992048,Anthony Scott,NA,0,0
Richmond,2026,587777.4600017623,992049,Jayden Short,7.476945194967812,0.13858444630891076,0.4245913978749254
Fremantle,2026,572110.5060069149,992059,Sam Switkowski,7.986274049215743,0,0.3052202845516927
Port Adelaide,2026,716041.485762474,992128,Ryan Burton,9.55498917712344,0.0918009956183634,0.36024324523730666
Adelaide Crows,2026,887811.6965638173,992242,Jordan Dawson,11.468663550128728,0.1534540165970687,0.5790025063606676
Port Adelaide,2026,530389.0037025469,992330,Jordon Sweet,7.0198035595446795,0.03085735657287158,0.31073087065910443
Western Bulldogs,2026,742906.9397259722,992351,Bailey Williams,10.129267639814538,0.0188676681627532,0.366989864080678
St Kilda,2026,348396.2737492619,992374,Dan Butler,4.1368048808265225,0,0.14610495987190308
St Kilda,2026,704621.915932403,992468,Rowan Marshall,9.32458893185973,0.09595450404823314,0.3855758782924568
Fremantle,2026,670730.1904995255,992472,Oscar McDonald,8.20881153541325,0.00509271226032725,0.19754037313730144
GWS GIANTS,2026,759263.2510704825,993107,Harry Himmelberg,10.352446153067206,0.22168839568117793,0.45574052794713416
St Kilda,2026,527279.0289696635,993480,Dougal Howard,6.863805659233892,0.02161345828585459,0.3184362511351403
Hawthorn,2026,713846.7635058869,993794,Blake Hardwick,9.516990426226318,0.03367231435380113,0.32911175866828546
Gold Coast SUNS,2026,740900.0014851798,993799,Brayden Fiorini,9.976098575732497,0.01818401884561948,0.38487034666068687
North Melbourne,2026,458301.83784684725,993816,Darcy Tucker,5.9471088216221375,0,0.11062219990102218
Essendon,2026,632333.670412047,993817,Darcy Parish,8.347509439755196,0.29474946049049844,0.6355918811957252
West Coast Eagles,2026,624728.7155651462,993820,Tom Cole,8.266724911000018,0.03338547953709836,0.3227133061245675
Carlton,2026,869440.1666410344,993832,Jacob Weitering,11.751253390254847,0.1847541327200557,0.537787056583308
Brisbane Lions,2026,739972.9086671469,993834,Josh Dunkley,9.718092258796757,0.0639209655864652,0.5178101454640827
Geelong Cats,2026,783266.2364447748,993878,Shaun Mannagh,10.292028661620126,0.14830501377618976,0.39868234312693906
Richmond,2026,666238.0739988314,993903,Jacob Hopper,8.733018726829785,0.18715283948161565,0.554711096629381
Sydney Swans,2026,809347.9262985677,993905,Callum Mills,10.793036867603837,0.22739117551839735,0.5404349771725288
Gold Coast SUNS,2026,676056.9485546587,993917,Ben Long,8.685388696646841,0.15061213419251096,0.3111240941337722
Fremantle,2026,565405.1035444671,993940,Corey Wagner,7.266897147467095,0.00910980610366374,0.25096086440055543
Adelaide Crows,2026,633231.9287565578,993946,Ben Keays,8.638524143379396,0.08189067434179353,0.3766864227282598
Brisbane Lions,2026,554143.1363680437,993953,Eric Hipwood,7.756355446958041,0.076503456895757,0.3637011479839527
Port Adelaide,2026,691926.050588814,993979,Sam Powell-Pepper,9.845709534455487,0.04008721864583731,0.3348338871375045
Fremantle,2026,715635.5201828262,993993,Shai Bolton,9.4491075033542,0.28360653186222196,0.6023185205648607
North Melbourne,2026,676038.7757526293,993998,Jy Simpkin,8.898633320610957,0.2796410838990778,0.5970704405232362
Hawthorn,2026,773339.4988476292,994077,Mabior Chol,10.448975064255505,0.109819025291356,0.3166333299048202
Collingwood,2026,NA,994185,Jordan De Goey,NA,NA,NA
Collingwood,2026,685185.3032271493,994295,Dan Houston,9.182681469474504,0.09099723789703829,0.4014929620271592
West Coast Eagles,2026,388699.184910462,994385,Jayden Hunt,4.5629107384900935,0,0.1602192101357125
Geelong Cats,2026,691219.2664326873,994386,Tom Atkins,8.827073635644886,0.08305916721559214,0.42442018565737527
St Kilda,2026,941695.4839044614,994389,Jack Sinclair,12.216031040603562,0.110998561701525,0.30297153698981416
Brisbane Lions,2026,989571.4107668714,996059,Harris Andrews,13.161241260142267,0.1344497474667805,0.4506713821195535
Essendon,2026,432698.2164903991,996232,Matt Guelfi,5.753049745554009,0,0.16076344034892076
West Coast Eagles,2026,780185.6880286476,996554,Jake Waterman,10.490551711443253,0.1023154890413086,0.3709687233381994
Melbourne,2026,NA,996692,Marty Hore,NA,0,0
Melbourne,2026,705868.6841470734,996701,Clayton Oliver,9.213148308536702,0.14920471272999605,0.6410279158696951
Western Bulldogs,2026,978630.986028716,996708,Bailey Dale,12.71797983423648,0.2742653353968568,0.6135050558086013
Carlton,2026,729112.759054261,996731,Charlie Curnow,9.931220904161588,0.12793385536028878,0.3557167195237293
Sydney Swans,2026,667778.9568360639,996743,Lewis Melican,8.595962599395646,0.02890657555534881,0.2372268303179762
Sydney Swans,2026,575351.8732565374,996765,Tom Papley,7.799513343360313,0.03122991604889002,0.3947680127274712
Fremantle,2026,689194.395424525,997033,Brennan Cox,9.426321909539148,0.0535049046534849,0.3853156106612036
Essendon,2026,836154.9598922656,997078,Mason Redman,11.079582212958286,0.2876513851271455,0.6481891671038973
Sydney Swans,2026,550246.5948859953,997100,Will Hayward,7.105925512652111,0.01871967249659956,0.3415017127445552
Sydney Swans,2026,457636.120234333,997142,Peter Ladhams,6.171296439493139,0.06403685527874015,0.30001459936571173
Geelong Cats,2026,628063.1508295115,997230,Tyson Stengle,8.611347889233134,0.11120558387632662,0.4756212273201147
Carlton,2026,638695.309211522,997316,Lewis Young,8.878213785355081,0.08920366465655194,0.36440493672110685
Western Bulldogs,2026,118531.7674505888,997501,Ryan Gardner,1.7512580426335795,0.01242268504501775,0.3044652518547748
Brisbane Lions,2026,419346.32865138573,997846,Conor McKenna,4.4202252919721765,0,0.1627502161514809
North Melbourne,2026,630580.3196874501,997933,Griffin Logue,8.63656667324649,0.10741392012293638,0.3439990124138468
Collingwood,2026,NA,997974,Ash Johnson,NA,0,0
Essendon,2026,711706.9261156281,998102,Andrew McGrath,9.575801285494231,0.2818631095966332,0.6248830128098288
Sydney Swans,2026,599781.5508104054,998103,Oliver Florent,8.077069988295607,0,0.28758559565215114
Hawthorn,2026,700823.339037295,998114,Jack Scrimshaw,9.77117556911711,0.06030698008476254,0.31062206563011274
Fremantle,2026,NA,998129,Will Brodie,NA,0,0
Gold Coast SUNS,2026,530587.0925845316,998130,Ben Ainsworth,7.910165321660048,0.0043304805224934,0.30763585440369035
Brisbane Lions,2026,803182.3112629186,998133,Jarrod Berry,10.80101368763307,0.02746146079747902,0.4430715709527672
Hawthorn,2026,690080.1741919924,998134,Josh Battle,9.35322255559003,0.2843315050894726,0.5384401343349983
Fremantle,2026,477641.7745244405,998145,Sean Darcy,6.352888728320704,0.06643663898962204,0.354851162754276
Richmond,2026,762278.7620603964,998172,Tim Taranto,10.296480705550092,0.25339023481964484,0.6427258167633774
Fremantle,2026,516041.6731881844,998180,Bailey Banfield,7.283737498231655,0.02045809999281156,0.1921076818710692
Collingwood,2026,732477.2257172086,998205,Harry Perryman,10.557857110099745,0.05437610147423788,0.3926030802487344
Essendon,2026,679609.8103134532,998215,Will Setterfield,9.165884500532178,0.07785566118257425,0.40117338133287095
Geelong Cats,2026,619353.6531465888,998260,Jack Bowes,8.268088465414145,0,0.3165990264897006
Hawthorn,2026,561985.3064894048,998390,Changkuoth Jiath,7.879307924404857,0.08617578986062746,0.263540803567308
North Melbourne,2026,637674.3451450733,998484,Cameron Zurhaar,8.137181434464823,0.08734954614751733,0.3287403238717638
Port Adelaide,2026,318989.05328354094,998529,Ivan Soldo,4.599334552436997,0.00163002792076327,0.08265121679411991
Collingwood,2026,355339.6257040033,998647,Mason Cox,NA,0,0.03814681122252295
Fremantle,2026,683951.9809405538,998659,Luke Ryan,8.968320656226343,0.2259978424736715,0.5814731593162548
Western Bulldogs,2026,615300.8754455827,998782,Buku Khamis,8.567114630032442,0.02190233655037055,0.1623720009627189
Fremantle,2026,665739.4767956772,999321,Michael Frederick,8.929721519198877,0.06705258044950302,0.3816182606524382
Geelong Cats,2026,584715.8246152044,999326,Brad Close,8.076723667482286,0.05497844562951637,0.4462651951865604
Adelaide Crows,2026,717361.1634533742,999331,Darcy Fogarty,10.35394148779548,0.03667283399896959,0.4577029873079731
Melbourne,2026,542784.1672887154,999391,Tom Sparrow,7.789813542310558,0.02603667632470796,0.3473809868953224
Gold Coast SUNS,2026,601844.1872759927,999715,Jy Farrar,7.440484953812961,0.00428090240917711,0.17353249630833045
Fremantle,2026,512802.3424847443,999824,Quinton Narkle,6.453752775043675,0,0.14200940066720802
North Melbourne,2026,444721.8845517528,999827,Zac Fisher,6.236858312683014,0,0.05450402905526919
