season.id,squad.name,KH_Ratio,GB_MK_Ratio,Fwd_Half,Scores,PPchain,Points_per_I50,Repeat_I50s,Rating_Ball_Use,Rating_Ball_Win,Chain_Metres,Time_in_Poss_Pct,season
2019,Adelaide Crows,0.22492886139776294,0.23486953347748496,0.6321849527381271,0.5374145163735893,0.7412252315045303,0.4854165461613689,0.5803534432750477,0.3387932042017698,0.7998907886640706,0.7714322712404654,0.503169698360505,2019
2019,Brisbane Lions,0.7695139176355922,0.20768584504889473,0.9751598117816644,0.6848048439749675,0.978470700985761,0.5204705868627338,0.7439797933758738,0.45008205358777986,0.7994986873252629,0.8364064244057311,0.582843301656917,2019
2019,Carlton,0.5930773903987304,0.25775985498529247,0.6570691898511348,0.4104827516494112,0.8842601812207508,0.4128268375734839,0.3910458274633299,0.1738016011323196,0.6420504914110448,0.6784486429717422,0.24218961837328373,2019
2019,Collingwood,0.21889084127501418,0.5239608023705999,0.7553287203576853,0.5795984262070735,0.6355535779481563,0.5225596458943326,0.6350178517168036,0.43732706113674524,0.76371212007434,0.6893686745490226,0.7072453122295881,2019
2019,Essendon,0.29807832593936473,0.20518761229254667,0.5523559806526648,0.46927254843262206,0.6387327967998474,0.3938557807394881,0.37305299036899064,0.382608392235596,0.7494189397777606,0.7327029280638394,0.4307429151592238,2019
2019,Fremantle,0.24754190383751193,0.07205104856740102,0.6952900769201332,0.38768063822590604,0.7384745593946029,0.2046681465353836,0.6199759675147096,0.12626841847669548,0.9332876164505443,0.7364472880865882,0.4334380408374504,2019
2019,GWS GIANTS,0.5408286324120236,0.39738046570880803,0.7180881166783925,0.6043591827067,0.96276013143483,0.5654465301283658,0.43540950844961784,0.43524757278369486,0.7546129166950517,0.7306757427417574,0.6103225410003587,2019
2019,Geelong Cats,0.38016783042318286,0.1320824754248025,0.7884189277103822,0.6516683060342984,0.8165936473165389,0.639367763997697,0.5815861440291704,0.3814935056962226,0.8351112092902485,0.7555596914177413,0.823993717743617,2019
2019,Gold Coast SUNS,0.536015324846463,0.2324639758157144,0.5973388886762848,0.21438457620726786,0.8622548043413321,0.16300062104700863,0.20614071434490766,0.0010504148884654015,0.5952194323130203,0.543426767774663,0,2019
2019,Hawthorn,0.3383624179685759,0.35046148798374954,0.7897444606023497,0.5115721211602835,0.52392213482027294,0.36320157343536014,0.7696610590867659,0.47400365968036634,0.6913203984910498,0.7376658210846043,0.44520641039114656,2019
2019,Melbourne,0.308078475885494,0.14302670697169978,0.8194266388580616,0.38007993375140436,0.7962386737030768,0.13573395369232366,0.6419884809811884,0.303745084277753,0.7695859054420349,0.6880780757398586,0.33858469028052285,2019
2019,North Melbourne,0.027434792355744166,0.07626426594287705,0.7654294707435614,0.5738978978511972,0.6256970028875833,0.4871277135817159,0.5715484378884562,0.4100095949417912,0.6713680102170116,0.6570137647834242,0.6264165602881308,2019
2019,Port Adelaide,0.24765348884048757,0.09740856978252864,1,0.5602166297970942,0.9447749676391516,0.23819547460008234,0.9501636695118921,0.294064613616358,1,0.8476342518948194,0.6453514152939874,2019
2019,Richmond,0.28856961436627804,0.2432397786182854,0.8023736175423829,0.6610323739468845,0.49707557502738225,0.5010721852594165,0.7016864175022791,0.6415699379839686,0.7349594230738166,0.8660044592194054,0.5426255163892008,2019
2019,St Kilda,0.346809288831581,0.27557335328784516,0.7729923271210442,0.4378452877576171,0.7494772478343125,0.32801591350261017,0.4923033894091325,0.29171642853238616,0.65346010834415,0.6048625503829443,0.43309211141219733,2019
2019,Sydney Swans,0.33538492018509447,0.2370831945464483,0.5637533006773564,0.48420958505207745,0.5294234790401272,0.572061920607946,0.25456824397116107,0.5111693319523363,0.6410799812944915,0.7701272381055582,0.5032536770669055,2019
2019,West Coast Eagles,0.8105181801321004,0.5829492447301075,0.6681119089076833,0.6409107756347204,0.8170979372033589,0.7067604079810063,0.3444526739592829,0.4664261243840151,0.5913917873296078,0.7757782358299217,0.5089390294022792,2019
2019,Western Bulldogs,0.22034422273735138,0.24906393545917732,0.7875788460482555,0.6386691185904289,0.6781989618553261,0.46802654345719763,0.5625520193412867,0.6040571529545834,0.6993741821699094,0.8364243271949847,0.6705868696788525,2019
2020,Adelaide Crows,0.12572691370735942,4.414619223011137e-4,0,0,0.06051478641840087,0.10752445144679204,0,0,0,0.014713541269552183,0.1460552604285819,2020
2020,Brisbane Lions,0.8598977475730161,0.23485212129327127,0.3673865382717442,0.3272350357997376,0.36814723006859973,0.33797869647621104,0.517559852228566,0.20762342656506969,0.1729730827977848,0.2172919015996445,0.6346928845118123,2020
2020,Carlton,0.7922727623582659,0.1385218140920143,0.30524568520148476,0.18787153059915318,0.3452902519167578,0.1881718925571233,0.5469462169553329,0.1505952818860504,0.11177107853279374,0.1564758546601614,0.3221338036632882,2020
2020,Collingwood,0.08204276690003413,0.16533588554254144,0.30651132250664154,0.13185692709728392,0.23119271343748193,0.15387367797193413,0.2677757520510484,0.1334338720006795,0.17540451721784578,0,0.5202279438234326,2020
2020,Essendon,0.1115141590756517,0.12352446738621742,0.08419119053997161,0.1101655048539538,0.27409638554216853,0.2120513244536982,0.17092069279854155,0.17572262785193518,0.05231328686563203,0.06354750713758736,0.3616742130645413,2020
2020,Fremantle,0.3167396756857871,0.20401920209986063,0.15538536604033512,0.039344823162126306,0.19222343921139096,0.11472483907398814,0.10824977210574308,0.014586996598824816,0.10004631085108481,0.04394118069364609,0.6090242876431503,2020
2020,GWS GIANTS,0.3765900267565864,0.20382563253467567,0.09945084382534143,0.17803532480862164,0.3061336254107338,0.5255453346083002,0.13103919781221535,0.1621897199287242,0.07588390040908063,0.10106327259085651,0.5286502044619082,2020
2020,Geelong Cats,0.5159818587437243,0.33025379729367726,0.2906249829157487,0.38749966907175126,0.48174516246805377,0.5799644419122477,0.2677757520510484,0.40039466539221036,0.11326042500486556,0.12087682375295804,0.9894648167598534,2020
2020,Gold Coast SUNS,0.5741238136297963,0.07874428363631866,0.2078996211396423,0.16721549843903688,0.28121577217962745,0.18956219277635258,0.2905651777575205,0.1215691781625425,0.19429305435747005,0.19497984942228708,0.19252306161968222,2020
2020,Hawthorn,0.20795990361032315,0.18973859271941218,0.1282337070911941,0.17508446307146225,0,0.35003656994960103,0.26207839562443036,0.2860134064883109,0.010966696656533735,0.08527117848898644,0.16077117479205202,2020
2020,Melbourne,0.330604681616745,0.14784296916984738,0.20211147679001965,0.23311807723559855,0.1530668127053668,0.3085007811049499,0.2677757520510484,0.2426432060290306,0.08558252793560632,0.15591153642702196,0.6517841117347605,2020
2020,North Melbourne,0.1275105993101465,0.0232655461114325,0.04851517354865851,0.03147585852970107,0.24561883899233294,0,0.051276207839562604,0.09401944345178681,0.07301988610017429,0.040590241722571196,0.32490614359085535,2020
2020,Port Adelaide,0.33761754912083974,0.010076324182117333,0.41691532944335136,0.3166740569509563,0.5369516342883496,0.2950668103067182,0.5379503910185675,0.19840169706122912,0.37023198105198385,0.18321551276242928,0.6949530994842236,2020
2020,Richmond,0.34960119115092975,0.16020876233134348,0.3565221293446389,0.29911433418254624,0.07254994001981949,0.3068157068501678,0.609074532274168,0.39591438611879254,0.1457210404346283,0.3303268923169668,0.5024102355866652,2020
2020,St Kilda,0.597380903950655,0.3513027501988883,0.20844243276286076,0.3096334043851021,0.247117657231798,0.5669565602305486,0.2983615602360506,0.19426711034946864,0.1176262081616331,0.08016755373643318,0.5047329006956612,2020
2020,Sydney Swans,0.41259085835286297,0.041861917678828055,0.09876679040220397,0.06295171705940214,0.20290251916757931,0.12223884196375152,0.11964448495897913,0.09327306376197804,0.1600671383598816,0.15552920360181366,0.4081095370718416,2020
2020,West Coast Eagles,0.7484953103935482,0.5884054046966078,0.1830398334885341,0.2744301415558312,0.3573536570524521,0.6599611805541131,0.020257267294642053,0.2033364700941477,0.04354289799452459,0.03432993838516573,0.6759754697233603,2020
2020,Western Bulldogs,0,4.445621126359782e-4,0.2762201876017843,0.27164321658184715,0.23632408421565038,0.3713649402271542,0.26239491542590915,0.3046216049460786,0.17706810954221605,0.09674404739508888,0.6987218368118011,2020
2021,Adelaide Crows,0.3022817488431596,0.11993878671321752,0.6473919865294095,0.41580324478156233,0.5569302001394003,0.2884132013979473,0.443875859782879,0.3886000751591514,0.6124941096261544,0.7980425255040899,0.24358353115911685,2021
2021,Brisbane Lions,0.7880653039211122,0.3170494927864371,0.8158214062480071,0.7684125931944861,0.8297051843738588,0.6227124292852811,0.5865903220905502,0.6691281626360658,0.7426666833064586,0.9079461857911008,0.5503214778242878,2021
2021,Carlton,0.6743670650664549,0.5500726966235433,0.6957373426198767,0.514612402950084,0.5046674300507816,0.49557858405289,0.5759509405817521,0.5413208871782789,0.5381542393542306,0.7887164071259255,0.4012470275748863,2021
2021,Collingwood,0.33451501261087646,0.7787942459832764,0.5515958057479623,0.37095908838200237,0.40564323409339814,0.39671128964929364,0.36903331399685096,0.5031594329456095,0.5272473849057018,0.5398339693104193,0.532296250304821,2021
2021,Essendon,0.2265957552021955,0.4685620081232117,0.6643668689362795,0.6335799512466321,0.5282275346445066,0.5963259052390396,0.541496571677698,0.7137219807934292,0.5519405649351589,0.7566465176542233,0.7133627513020203,2021
2021,Fremantle,0.2576688121687873,0.38533663508106036,0.7149697677088516,0.38692056777845607,0.6311983471074377,0.2112542742475384,0.49670589210242816,0.47601204143721537,0.48969248595766474,0.6698415146707472,0.4718472055668303,2021
2021,GWS GIANTS,0.4154119574084345,0.3137640014083481,0.5996802568469125,0.5182860767794265,0.691025465498357,0.5305813742685282,0.40902271346095426,0.43875975385221966,0.628306038448217,0.7732448100117715,0.5848694511721825,2021
2021,Geelong Cats,0.331969713148104,0.5195697991777586,0.8300683096705066,0.5473258350083392,0.8117524644030665,0.4494686171485395,0.5854603463992709,0.6273775784281332,0.5154669712061682,0.6876578182891638,1,2021
2021,Gold Coast SUNS,0.7167864455343732,0.5837639777999645,0.5682259576747924,0.2744301415558312,0.5156701184904907,0.0931062301002299,0.41746084362310437,0.35542193243506065,0.42998617528029887,0.7123163085908911,0.2222444060804169,2021
2021,Hawthorn,0.11893904928565344,0.46702094844887904,0.525695055680992,0.4256841605984145,0.5294234790401272,0.3894988845239285,0.41746084362310437,0.6034599239039946,0.6171780627865352,0.6687963528473407,0.4397504184822669,2021
2021,Melbourne,0.385871144877312,0.21018393335063237,0.9573422371895451,0.6897934396783988,0.7028258488499451,0.5126668697185436,0.7830446672743848,0.5295694259035801,0.8825898559316823,0.9100654593259051,0.8322260666663471,2021
2021,North Melbourne,0.4094995652992402,0.7038935069556965,0.47612988404576934,0.29571211408443576,0.44140197152245336,0.20432295426038558,0.426265849009696,0.4717953325465046,0.20811779113379583,0.5807828584498612,0.3508254664270828,2021
2021,Port Adelaide,0.36121068083551616,0.35275250372153844,0.7774683724949935,0.5914428573465051,0.5750387915297555,0.452939412757799,0.6673028714676391,0.4981635530464231,0.7756779954136261,0.8123250662545327,0.8377921347086582,2021
2021,Richmond,0.205931514641167,0.39174988950100653,0.7458717615093184,0.5123321916077337,0.26260828437717815,0.423673624222756,0.6287809729013011,0.5999768463685667,0.5811005729092615,0.7784829319867183,0.3668359347556026,2021
2021,St Kilda,0.4586168925018926,0.5276128529197123,0.7729110060847272,0.43708521731016714,0.5651822164691824,0.3118362584416346,0.47909588132924513,0.4974831435654647,0.4880027381123818,0.6686715799928099,0.46403354586434126,2021
2021,Sydney Swans,0.43505876865162624,0.4170576092451554,0.7187388209572839,0.6844716246845999,0.5940044764036381,0.6211570833526897,0.6004518251357458,0.7668864897187271,0.6227904269939026,0.7635453098948011,0.7134904648527299,2021
2021,West Coast Eagles,0.7603677902424608,1,0.6462534920209715,0.5191728256347852,0.6394503634372198,0.5091249151874525,0.43947335708958335,0.45106869993416115,0.48773789520137417,0.6269251985308165,0.6582969450773943,2021
2021,Western Bulldogs,0.21464788868639786,0.14680120859835924,0.91959851693979755,0.6924688876534234,0.8510405257393207,0.5510920047097658,0.6030432648481873,0.6768491885669271,0.7710526230506315,0.9013590249486054,0.7051738058019725,2021
2022,Adelaide Crows,0.1871305802622576,0,0.7034628410699933,0.4956106417638301,0.834748083242059,0.4459702272915012,0.426265849009696,0.34950894759303147,0.7134901340551583,0.7310868097974339,0.2850811721599668,2022
2022,Brisbane Lions,0.8327962720993972,0.4370090724900589,0.7447657954154072,0.7887850147543087,0.8504819277108431,0.6823566855147641,0.5893345487693712,0.7124100493804254,0.6776605870705016,0.8579556899835781,0.5729013074650612,2022
2022,Carlton,0.375187176884243,0.3557592025848643,0.7168808120623014,0.5989802226170527,0.721970526735039,0.4275566850794677,0.6904160106074418,0.5386137970281552,0.8337878329145831,0.8484777559641667,0.7409838238349807,2022
2022,Collingwood,0.4387500480751713,0.23921608012380935,0.8295673720867934,0.5814377966899029,0.569693318729463,0.43977032042188674,0.7752962625341842,0.5712960885054204,0.7411180458009486,0.8771147947499525,0.5062268117846354,2022
2022,Essendon,0.31908155421462375,0.6887701470609798,0.6211659523171711,0.5077717689230326,0.4909140695011451,0.44691140459639334,0.40865583823651297,0.603542227483899,0.3911965401466631,0.6866300555275966,0.6510853147902139,2022
2022,Fremantle,0.20115357006222442,0.4325771119302612,0.8058324722870664,0.49111355828308306,0.7338901058780577,0.3859080629775806,0.5865903220905502,0.5736295893351407,0.5369845164972797,0.7588006462369654,0.7718670918161589,2022
2022,GWS GIANTS,0.4085818355808898,0.5764428145657432,0.5385844399372394,0.4272043014933149,0.5899382654585281,0.35941361657278076,0.4042533355432171,0.524485071178599,0.4768884251978048,0.6926761467871463,0.48998797632955643,2022
2022,Geelong Cats,0.32197688899999594,0.4762143775593545,0.9320091079560675,0.8443005602360688,0.7197699890470974,0.6927852682005063,0.8179124886052872,0.7725313079547105,0.6957747928263961,0.8695097002962419,0.74988432204328,2022
2022,Gold Coast SUNS,1,0.18585282989749452,0.9346178868011175,0.6096212088813551,0.8154933784725676,0.3974890289790849,0.7168310267672166,0.4682685286389075,0.7414554445664171,0.9223427119803342,0.3323662407012069,2022
2022,Hawthorn,0.40277656886996027,0.2734794450857584,0.5251258084267729,0.5457752912955411,0.4111445783132529,0.586365561325412,0.43947335708958335,0.5795099974070211,0.6931605469208135,0.8270836702322483,0.2261670899132651,2022
2022,Melbourne,0.3071200404135072,0.1353686652025375,0.9352413480795482,0.6395173131477283,0.7389330047462574,0.4261884790996882,0.8408348526283806,0.4449870834173792,0.8941345933667272,0.9226602702641634,0.6747083663591146,2022
2022,North Melbourne,0.4361063260852843,0.3853331921799249,0.317797826336535,0.20374358994296557,0.6449517076570747,0.19056457644261043,0.05205312007955596,0.24441026589257295,0.40923013264066904,0.5760109777505708,0.03812399828555284,2022
2022,Port Adelaide,0.3436553045638012,0.3889805394341566,0.7893785159389234,0.5602166297970942,0.7494772478343125,0.43082614905551975,0.5055108974890198,0.5833736563298475,0.702677021442578,0.8516132062889339,0.7579569302963107,2022
2022,Richmond,0.4802810911264102,0.4043089994112403,0.8458400650235519,0.8371466449985032,0.4834992142482976,0.7275901838105712,0.7688954064444534,0.768530860575967,0.7275824235040861,0.981587229144609,0.6240766480552836,2022
2022,St Kilda,0.5593639174078676,0.5707539557966756,0.6941922429298536,0.4819293737097269,0.5541795280294733,0.4605866544785572,0.5319259136487943,0.4811319719053729,0.549446456747869,0.7340242626112747,0.5492055299423527,2022
2022,Sydney Swans,0.7439445045524654,0.34484251158222434,0.723941104435345,0.7292562973100115,0.7149288061336254,0.6522209208651023,0.7094348222424794,0.6440857765398691,0.7000676761649658,0.7813888220004966,0.5527971065955901,2022
2022,West Coast Eagles,0.6875961503426999,0.6989236449271369,0.33117513681068456,0.273670071108381,0.5019167579408542,0.5112418596494296,0.06526062815944311,0.2812914468295656,0.25962440345605975,0.42032435760783177,0.2882134246327494,2022
2022,Western Bulldogs,0.25803747832546853,0.35672194665487805,0.8969839254724942,0.6655690031219262,0.8650054764512595,0.44583818435472056,0.7267845111172765,0.6745557750878205,0.6615753640319741,0.8222490329696281,0.5583975544704669,2022
2023,Adelaide Crows,0.4293948148914482,0.21423921528633869,0.8889720355466523,0.7818928281229952,0.8676365541216245,0.7132602018902217,0.6720403471919466,0.6478679446997013,0.7358535359092011,0.9246216036664419,0.5234035176638373,2023
2023,Brisbane Lions,0.9064876947414247,0.5280692967173264,0.9185663653250046,0.7747903638080261,1,0.6406282154360984,0.647745599887806,0.5875972233198383,0.6281155304597198,0.8038539061279976,0.5805586667923027,2023
2023,Carlton,0.3369997496198363,0.35977304801752563,0.7686291407494192,0.5586964889021938,0.7300109529025188,0.40012061881557653,0.6700967674076153,0.5169768164203424,0.7363075243733299,0.8904984708388799,0.5818481738727971,2023
2023,Collingwood,0.3153886073755643,0.390731735650539,0.749843981360188,0.6989002529780017,0.6788061336254104,0.7090519897488274,0.6551959890610758,0.7173651461510931,0.6314159461733009,0.8522175989271021,0.7166900932787905,2023
2023,Essendon,0.303349108406893,0.6187716767270942,0.5270368527802227,0.5237993414018732,0.4834992142482976,0.4716120712385469,0.45727478102334446,0.6605758622569551,0.5513985769811061,0.8140582591005732,0.5681262654129844,2023
2023,Fremantle,0.19205113730673778,0.4688572529719311,0.7122437451436159,0.521618269683103,0.6939854278775177,0.4954291130411785,0.37305299036899064,0.6384458295723205,0.5157469904487922,0.6616211584126869,0.6368422221461459,2023
2023,GWS GIANTS,0.16929830706106333,0.17248916013701626,0.7666336476274864,0.6468061938489172,0.6345837897042715,0.4461163785576972,0.7446006591403129,0.6997269453127081,0.8040061823986437,1,0.572731227947717,2023
2023,Geelong Cats,0.501166546233045,0.3534666461846566,0.73266239665365,0.7055553179660436,0.5940044764036381,0.6554106322550285,0.6257183623320519,0.5464484059837844,0.6461908679732382,0.791469059181044,0.4979043551255109,2023
2023,Gold Coast SUNS,0.9069008052558196,0.3101714261413753,0.716171904767451,0.5245263653081298,0.8281703890661458,0.4250763545349194,0.4614858705560621,0.49666697392081877,0.6872571106094078,0.8954663530174671,0.40738093674417347,2023
2023,Hawthorn,0.045977655474444185,0.47434922774987454,0.5921820742646164,0.4132917076508574,0.5676936996999857,0.23726976509455774,0.3941084380325791,0.6411143822347712,0.5796814561927918,0.7072547010119866,0.40866942897206504,2023
2023,Melbourne,0.29856694745940443,0.1242870357890933,0.9745888025716585,0.6610323739468845,0.7318729463307774,0.3910147435640298,1,0.5305464981261558,0.8742965260464884,0.9040502960810239,0.6097871522633161,2023
2023,North Melbourne,0.15605799359625516,0.36714212923987277,0.3474305048310104,0.3922080143694136,0.6308395637887517,0.4194207757585866,0.28883119971463683,0.4562232915730072,0.46919589635547165,0.5825396700455044,0.13450945644461246,2023
2023,Port Adelaide,0.5460990110684225,0.193680141110197,0.9075705101220775,0.7218988153786939,0.76092004381161,0.5423618590567346,0.7636736554238835,0.6326076810829285,0.7008170244898414,0.8854292784523777,0.5784250407719347,2023
2023,Richmond,0.4047355688456696,0.2411049300118068,0.7054764206431474,0.5368857717144935,0.6071598647554645,0.4310095573379232,0.663618168126511,0.5770183163763287,0.6967954183392167,0.9549166475597761,0.30172557898868,2023
2023,St Kilda,0.3380788535286164,0.48695864184162696,0.7099312518337099,0.4778756646566594,0.486788061336254,0.3189477476621155,0.630982224247949,0.5417146252344797,0.7408776858917208,0.8223471673379817,0.5565913198273645,2023
2023,Sydney Swans,0.411703037009785,0.14021426607015686,0.6796662728177262,0.6632061754265919,0.640596476816356,0.5617190090090661,0.6269465967790945,0.6465144719933893,0.7373710194616737,0.7994168378253568,0.4137217652931269,2023
2023,West Coast Eagles,0.17522754462652046,0.42430004915907354,0.4595191784537108,0.2184493007740666,0.5308586123148721,0.22003753394393677,0.2298759462565893,0.31557002304565024,0.29903099335105104,0.45995346022138034,0.10453699515179923,2023
2023,Western Bulldogs,0.26641877938526076,0.24218910536390229,0.8689812034015906,0.5826882778086644,0.964986427925139,0.4222704651003132,0.6172961832666166,0.5492313524255258,0.6827748292748703,0.8122245884330079,0.4348365173465546,2023
2024,Adelaide Crows,0.34592705443139105,0.2850833707197885,0.6350029034313734,0.5732369670273274,0.738713748273727,0.6513655423712771,0.3604197217708375,0.5905786264695462,0.5925990844994634,0.7919199917937919,0.318261819948062,2024
2024,Brisbane Lions,0.8299481032742397,0.7169021905458081,0.9710226040590362,0.7661675702987766,0.8919009370816597,0.6174323442426121,0.6121492960599618,0.7168657104450744,0.6450440610698285,0.8838235152606447,0.7353562652670693,2024
2024,Carlton,0.4654706407458836,0.37181636232013104,0.6233853389333234,0.7356662247501745,0.8397909821102593,0.8092088961191987,0.4493789881494987,0.7236585303070887,0.7215543252330745,0.7971262866084297,0.5222175562795186,2024
2024,Collingwood,0.3674441974874354,0.27605686028174387,0.7875399533787125,0.6350339990591454,0.7045097385589789,0.7493210023448209,0.4277971542943206,0.544644717956845,0.5757126161235135,0.7399210741510653,0.4279450674792231,2024
2024,Essendon,0.2821069674322728,0.5874767738669285,0.7726051682742306,0.563058632339734,0.5940044764036381,0.3310244770528917,0.7688954064444534,0.691482082416601,0.589569439168316,0.7858005738617984,0.6946825525888842,2024
2024,Fremantle,0.14615574043068666,0.48188052866096565,0.7144217346380194,0.6154043535902152,0.8544811657697986,0.6122353791946238,0.3393642741072492,0.8029701802730772,0.37858363886886315,0.7231544541083447,0.6697761562380953,2024
2024,GWS GIANTS,0.13398845031962409,0.2932192537528673,0.7084120393402475,0.6697275798657144,0.7100876232201531,0.7618611448606021,0.41112123974475856,0.7400840176981288,0.6799731479088746,0.8279691209459683,0.6604733337395202,2024
2024,Geelong Cats,0.5664057964487125,0.24956207013974896,0.8416256553518809,0.7841029807980157,0.8069112814895946,0.7410851912553663,0.5932087511394714,0.7096954929418723,0.7580839617810138,0.9801419781570516,0.3722741864402465,2024
2024,Gold Coast SUNS,0.28343841315322604,0.31322340799456644,0.8050027620034842,0.5870504212462045,0.5966355540740036,0.3169660545566884,0.7815286750426065,0.7269716402797609,0.5650918769569073,0.9144647699493935,0.5215683903789349,2024
2024,Hawthorn,0.295719298183467,0.37456494303986027,0.8492828441314912,0.699826369584741,0.6665169769989046,0.5953739243654481,0.6242023701002736,0.7411139668563791,0.5785365364880648,0.8095197152079531,0.6593028090475411,2024
2024,Melbourne,0.5629200334321564,0.492923393853578,0.5956046291843937,0.48526707437026884,0.50980999095195,0.4888146532212708,0.37305299036899064,0.4948449749451805,0.6007678973723958,0.7626199838742448,0.42706148700001073,2024
2024,North Melbourne,0.31922734739730474,0.38653729687463095,0.330201052223496,0.3645811059316598,0.675567884184961,0.43421773207331227,0.13723197653680008,0.5314988469931823,0.4475009681874936,0.5672103195833218,0.2534139318324733,2024
2024,Port Adelaide,0.7203718363423068,0.5203032439399174,0.8978889279753196,0.6017866365768688,0.7137185104052572,0.4223346358518104,0.5769669027417434,0.6506341919106544,0.45527144562423766,0.8724840858110999,0.7222081563802137,2024
2024,Richmond,0.3577172921836857,0.41600109389011664,0.5366044494877814,0.281700380618398,0.4519262822039142,0.1634285124473391,0.3772640799017083,0.4191174449366209,0.409618592416401,0.6817085473910334,0.07509253960685647,2024
2024,St Kilda,0.6019545367956141,0.597602722946712,0.70084819296754,0.4583671898387717,0.49139244725939335,0.43577566107734933,0.39831952756529676,0.5969259321377456,0.5170128148382799,0.7423123742698977,0.46315758714762406,2024
2024,Sydney Swans,0.567633732475335,0.5077802905093768,0.6775589632708574,0.7857236848598094,0.6345837897042715,0.7958545160945403,0.5210889839422203,0.795415231942896,0.48180696112376065,0.7745228575604726,0.6189325335531076,2024
2024,West Coast Eagles,0.47725334543786213,0.36460345439443503,0.5829645115829444,0.34640550827524264,0.5676936996999857,0.3534695709955666,0.2214537671911539,0.4196195462435696,0.38825633295613254,0.5638117404932695,0.12448014299422831,2024
2024,Western Bulldogs,0.2881689027525313,0.45398445962571854,0.9950258632786091,0.7433302684286305,0.8599625775830592,0.5758813439772258,0.5341271649954422,0.6817081319427849,0.7475500094651981,0.8624854616464398,0.5853237594117483,2024
2025,Adelaide Crows,0.7081790516742306,0.32339138929031985,0.8518590945620145,0.7927981867168455,0.758499452354874,0.806942974185722,0.5660893345487693,0.5899522188445708,0.6572460499124205,0.9169253132738894,0.5208370931347066,2025
2025,Brisbane Lions,0.6328250986468779,0.5931277625154155,0.8596700102191664,0.709190437497327,0.9232789744837936,0.5286894896906073,0.6516087646443162,0.6814650357834444,0.5933451425541342,0.8814460036032215,0.6933085368629675,2025
2025,Carlton,0.39006624989636884,0.3893407442247391,0.8693701300970197,0.49544540905786255,0.82027715605505,0.27474429178205917,0.5751852879394398,0.4683831119912226,0.6586504824456593,0.7479288476517185,0.4442293566231494,2025
2025,Collingwood,0.315440421705282,0.4835473729211566,0.9578073935172785,0.6195629303340033,0.6229463307776559,0.5738360680066292,0.600957155879672,0.6835370134122104,0.5676713529797633,0.8387215635951937,0.7104333269588505,2025
2025,Essendon,0.08489889065386984,0.42556764077337533,0.5809420927667124,0.3035110978060985,0.5071789132815848,0.27783993444838506,0.259353572985613,0.4034830723527032,0.43256431674742546,0.5765583134305022,0.3092136668857936,2025
2025,Fremantle,0.1641442119770939,0.18197161675714957,0.7343072324697361,0.6207055695733367,0.7742332968236582,0.5678906124603772,0.5220202825888789,0.5990352759737425,0.5915504926025744,0.7360599055386713,0.528118537326498,2025
2025,GWS GIANTS,0.2675446542433677,0.4308965458132688,0.6470531488780885,0.7217315998802548,0.6733753194596568,0.7825748464439997,0.3767376937101186,0.7987069928913387,0.5682597163168214,0.9305245459593829,0.586029151785343,2025
2025,Geelong Cats,0.6921234884932562,0.5018058755132057,0.9387621319211197,0.9413627257146052,0.7369934282584885,0.9042940410551089,0.5359897622887597,0.8360276405320771,0.6892564173718202,0.947323409644797,0.5400099445132485,2025
2025,Gold Coast SUNS,0.09355323338420854,0.18710575736165017,0.9317586391642113,0.7259119873412307,0.8383789704271631,0.5267853183028436,0.558340929808569,0.7247813155780418,0.6197704274934539,0.9599119198050153,0.6388042977411723,2025
2025,Hawthorn,0.2494958675984089,0.297953427537904,0.8235052016025767,0.6911826145885076,0.6950985761226725,0.6913647060720409,0.4801118434892364,0.6644342400780774,0.6716703855889921,0.9215068585816993,0.6515522967801175,2025
2025,Melbourne,0.29481859829698154,0.497706558192007,0.8659864678467856,0.5703288714023008,0.6703057288442305,0.465005023710614,0.5120189449486744,0.4601305540969012,0.6854240661166227,0.7697097212252497,0.3786309679302992,2025
2025,North Melbourne,0.16480687169557448,0.34554435976500436,0.5296815543091414,0.49980755249540265,0.8913162531549118,0.6629806038948859,0.1330208870040823,0.4720903045615447,0.46060068792609005,0.5808039326366602,0.3249700236105097,2025
2025,Port Adelaide,0.33201303822849615,0.3436939821306222,0.7478694304449324,0.4271051618697345,0.7334515929329969,0.3613575973455906,0.44464151242519123,0.4691682187417287,0.40746592913078394,0.7371741981570165,0.4507356837543706,2025
2025,Richmond,0.2297482048048946,0.4851621796420413,0.5858036764595774,0.24098704186802378,0.45455735987427975,0.24071041626004736,0.15407633466767073,0.34575874000074597,0.27729931023664944,0.6252392939092759,0.22476601596571472,2025
2025,St Kilda,0.41512356826199076,0.4488088324028569,0.6258242334192438,0.5245263653081298,0.7281894375922662,0.6244225348896977,0.31409773691094295,0.574281683527175,0.42291777455074164,0.6215192880596948,0.2938312538541675,2025
2025,Sydney Swans,0.4238288816751439,0.425839619876613,0.8132091152770409,0.52888850874567,0.77028668031811,0.4337393023186125,0.5120189449486744,0.548068627043174,0.45045410145122894,0.7408634623429159,0.5493487809197406,2025
2025,West Coast Eagles,0.28693883568667705,0.3115746431542411,0.5709077840246384,0.2533464482743874,0.34405209771893885,0.21128563865655334,0.3056755578455077,0.27389621036984235,0.29608957377420664,0.607410943368886,0.12204275822192184,2025
2025,Western Bulldogs,0.20362518530393264,0.40455827335324435,0.9214863072845348,1,0.9334134958807561,1,0.40674170663073217,1,0.7460038187030367,0.8941622735355139,0.6130895432012933,2025
